競馬場	開催年	開催日	レース番号	馬番	馬名	単勝オッズ	人気順	確定着順	予測順位	予測スコア	複勝1着馬番	複勝1着オッズ	複勝1着人気	複勝2着馬番	複勝2着オッズ	複勝2着人気	複勝3着馬番	複勝3着オッズ	複勝3着人気	馬連馬番1	馬連馬番2	馬連オッズ	ワイド1_2馬番1	ワイド1_2馬番2	ワイド2_3着馬番1	ワイド2_3着馬番2	ワイド1_3着馬番1	ワイド1_3着馬番2	ワイド1_2オッズ	ワイド2_3オッズ	ワイド1_3オッズ	馬単馬番1	馬単馬番2	馬単オッズ	３連複オッズ
阪神	2023	211	5	1	バスキュラント　　　　　　　　　　　	178.5	13	7	1	0.38407276055449735	10	10.1	11	6	1.8	2	15.0	1.3	1.0	6	10	127.0	6	10	10	15	6	15	33.1	21.9	2.4	10	6	382.4	98.9
阪神	2023	211	5	2	エアサンジ　　　　　　　　　　　　　	19.8	7	6	1	0.38407276055449735	10	10.1	11	6	1.8	2	15.0	1.3	1.0	6	10	127.0	6	10	10	15	6	15	33.1	21.9	2.4	10	6	382.4	98.9
阪神	2023	211	5	4	ピュアブラック　　　　　　　　　　　	6.9	4	8	1	0.38407276055449735	10	10.1	11	6	1.8	2	15.0	1.3	1.0	6	10	127.0	6	10	10	15	6	15	33.1	21.9	2.4	10	6	382.4	98.9
阪神	2023	211	5	5	ルフレーヴ　　　　　　　　　　　　　	21.9	8	15	1	0.38407276055449735	10	10.1	11	6	1.8	2	15.0	1.3	1.0	6	10	127.0	6	10	10	15	6	15	33.1	21.9	2.4	10	6	382.4	98.9
阪神	2023	211	5	6	デイトナモード　　　　　　　　　　　	4.4	2	2	1	0.38407276055449735	10	10.1	11	6	1.8	2	15.0	1.3	1.0	6	10	127.0	6	10	10	15	6	15	33.1	21.9	2.4	10	6	382.4	98.9
阪神	2023	211	5	7	インセプション　　　　　　　　　　　	102.5	12	14	1	0.38407276055449735	10	10.1	11	6	1.8	2	15.0	1.3	1.0	6	10	127.0	6	10	10	15	6	15	33.1	21.9	2.4	10	6	382.4	98.9
阪神	2023	211	5	8	ニホンピロアリー　　　　　　　　　　	202.3	14	13	1	0.38407276055449735	10	10.1	11	6	1.8	2	15.0	1.3	1.0	6	10	127.0	6	10	10	15	6	15	33.1	21.9	2.4	10	6	382.4	98.9
阪神	2023	211	5	9	アイオブザストーム　　　　　　　　　	9.8	5	4	1	0.38407276055449735	10	10.1	11	6	1.8	2	15.0	1.3	1.0	6	10	127.0	6	10	10	15	6	15	33.1	21.9	2.4	10	6	382.4	98.9
阪神	2023	211	5	10	カフジキアッキエレ　　　　　　　　　	63.2	11	1	1	0.38407276055449735	10	10.1	11	6	1.8	2	15.0	1.3	1.0	6	10	127.0	6	10	10	15	6	15	33.1	21.9	2.4	10	6	382.4	98.9
阪神	2023	211	5	11	カッティングジェム　　　　　　　　　	19.4	6	5	1	0.38407276055449735	10	10.1	11	6	1.8	2	15.0	1.3	1.0	6	10	127.0	6	10	10	15	6	15	33.1	21.9	2.4	10	6	382.4	98.9
阪神	2023	211	5	12	エンシャントヌーン　　　　　　　　　	554.2	18	12	1	0.38407276055449735	10	10.1	11	6	1.8	2	15.0	1.3	1.0	6	10	127.0	6	10	10	15	6	15	33.1	21.9	2.4	10	6	382.4	98.9
阪神	2023	211	5	13	サカジロレインボー　　　　　　　　　	383.8	16	11	1	0.38407276055449735	10	10.1	11	6	1.8	2	15.0	1.3	1.0	6	10	127.0	6	10	10	15	6	15	33.1	21.9	2.4	10	6	382.4	98.9
阪神	2023	211	5	14	サンポーニャ　　　　　　　　　　　　	4.6	3	9	1	0.38407276055449735	10	10.1	11	6	1.8	2	15.0	1.3	1.0	6	10	127.0	6	10	10	15	6	15	33.1	21.9	2.4	10	6	382.4	98.9
阪神	2023	211	5	15	ペイシャフラワー　　　　　　　　　　	2.9	1	3	1	0.38407276055449735	10	10.1	11	6	1.8	2	15.0	1.3	1.0	6	10	127.0	6	10	10	15	6	15	33.1	21.9	2.4	10	6	382.4	98.9
阪神	2023	211	5	16	メイショウオジマ　　　　　　　　　　	58.9	10	10	1	0.38407276055449735	10	10.1	11	6	1.8	2	15.0	1.3	1.0	6	10	127.0	6	10	10	15	6	15	33.1	21.9	2.4	10	6	382.4	98.9
阪神	2023	211	5	17	マサハヤヴァンス　　　　　　　　　　	399.9	17	16	1	0.38407276055449735	10	10.1	11	6	1.8	2	15.0	1.3	1.0	6	10	127.0	6	10	10	15	6	15	33.1	21.9	2.4	10	6	382.4	98.9
阪神	2023	211	5	18	ルージュミシェル　　　　　　　　　　	54.0	9	17	1	0.38407276055449735	10	10.1	11	6	1.8	2	15.0	1.3	1.0	6	10	127.0	6	10	10	15	6	15	33.1	21.9	2.4	10	6	382.4	98.9
阪神	2023	212	8	1	ニシノベストワン　　　　　　　　　　	5.9	4	5	1	0.38407276055449735	4	1.5	1	3	3.3	5	0.0	0.0	0.0	3	4	11.9	3	4	4	6	3	6	3.0	1.6	3.5	4	3	18.7	8.1
阪神	2023	212	8	2	パンデアスカル　　　　　　　　　　　	5.2	3	4	1	0.38407276055449735	4	1.5	1	3	3.3	5	0.0	0.0	0.0	3	4	11.9	3	4	4	6	3	6	3.0	1.6	3.5	4	3	18.7	8.1
阪神	2023	212	8	3	オーシャントライブ　　　　　　　　　	10.3	5	2	1	0.38407276055449735	4	1.5	1	3	3.3	5	0.0	0.0	0.0	3	4	11.9	3	4	4	6	3	6	3.0	1.6	3.5	4	3	18.7	8.1
阪神	2023	212	8	4	モズメイメイ　　　　　　　　　　　　	2.4	1	1	1	0.38407276055449735	4	1.5	1	3	3.3	5	0.0	0.0	0.0	3	4	11.9	3	4	4	6	3	6	3.0	1.6	3.5	4	3	18.7	8.1
阪神	2023	212	8	5	マルモリディライト　　　　　　　　　	61.7	7	6	1	0.38407276055449735	4	1.5	1	3	3.3	5	0.0	0.0	0.0	3	4	11.9	3	4	4	6	3	6	3.0	1.6	3.5	4	3	18.7	8.1
阪神	2023	212	8	6	マイネルメモリー　　　　　　　　　　	2.8	2	3	1	0.38407276055449735	4	1.5	1	3	3.3	5	0.0	0.0	0.0	3	4	11.9	3	4	4	6	3	6	3.0	1.6	3.5	4	3	18.7	8.1
阪神	2023	212	8	7	コスモフーレイ　　　　　　　　　　　	56.6	6	7	1	0.38407276055449735	4	1.5	1	3	3.3	5	0.0	0.0	0.0	3	4	11.9	3	4	4	6	3	6	3.0	1.6	3.5	4	3	18.7	8.1
阪神	2023	219	6	1	ヴェンチュラムーン　　　　　　　　　	23.6	8	4	1	0.38407276055449735	9	1.3	1	6	1.6	4	11.0	1.6	3.0	6	9	8.0	6	9	9	11	6	11	3.7	4.1	5.4	9	6	13.2	15.3
阪神	2023	219	6	2	ゴキゲンサン　　　　　　　　　　　　	12.7	7	8	1	0.38407276055449735	9	1.3	1	6	1.6	4	11.0	1.6	3.0	6	9	8.0	6	9	9	11	6	11	3.7	4.1	5.4	9	6	13.2	15.3
阪神	2023	219	6	3	カミーロ　　　　　　　　　　　　　　	11.3	5	6	1	0.38407276055449735	9	1.3	1	6	1.6	4	11.0	1.6	3.0	6	9	8.0	6	9	9	11	6	11	3.7	4.1	5.4	9	6	13.2	15.3
阪神	2023	219	6	4	ハウピア　　　　　　　　　　　　　　	64.5	10	11	1	0.38407276055449735	9	1.3	1	6	1.6	4	11.0	1.6	3.0	6	9	8.0	6	9	9	11	6	11	3.7	4.1	5.4	9	6	13.2	15.3
阪神	2023	219	6	5	トーホウフランゴ　　　　　　　　　　	12.4	6	10	1	0.38407276055449735	9	1.3	1	6	1.6	4	11.0	1.6	3.0	6	9	8.0	6	9	9	11	6	11	3.7	4.1	5.4	9	6	13.2	15.3
阪神	2023	219	6	6	ヴィエンヌ　　　　　　　　　　　　　	5.0	3	2	1	0.38407276055449735	9	1.3	1	6	1.6	4	11.0	1.6	3.0	6	9	8.0	6	9	9	11	6	11	3.7	4.1	5.4	9	6	13.2	15.3
阪神	2023	219	6	7	オリオンネビュラ　　　　　　　　　　	28.8	9	9	1	0.38407276055449735	9	1.3	1	6	1.6	4	11.0	1.6	3.0	6	9	8.0	6	9	9	11	6	11	3.7	4.1	5.4	9	6	13.2	15.3
阪神	2023	219	6	8	イイヒニナル　　　　　　　　　　　　	110.7	11	7	1	0.38407276055449735	9	1.3	1	6	1.6	4	11.0	1.6	3.0	6	9	8.0	6	9	9	11	6	11	3.7	4.1	5.4	9	6	13.2	15.3
阪神	2023	219	6	9	スカイロケット　　　　　　　　　　　	3.0	1	1	1	0.38407276055449735	9	1.3	1	6	1.6	4	11.0	1.6	3.0	6	9	8.0	6	9	9	11	6	11	3.7	4.1	5.4	9	6	13.2	15.3
阪神	2023	219	6	10	アスクドリームモア　　　　　　　　　	4.7	2	5	1	0.38407276055449735	9	1.3	1	6	1.6	4	11.0	1.6	3.0	6	9	8.0	6	9	9	11	6	11	3.7	4.1	5.4	9	6	13.2	15.3
阪神	2023	219	6	11	スーパーアグリ　　　　　　　　　　　	6.1	4	3	1	0.38407276055449735	9	1.3	1	6	1.6	4	11.0	1.6	3.0	6	9	8.0	6	9	9	11	6	11	3.7	4.1	5.4	9	6	13.2	15.3
阪神	2023	226	5	1	サウンドレイラ　　　　　　　　　　　	2.2	2	3	1	0.38407276055449735	17	1.9	4	8	1.1	1	1.0	1.1	2.0	8	17	11.8	8	17	1	17	1	8	3.7	4.2	1.5	17	8	44.0	7.7
阪神	2023	226	5	2	フェネストラ　　　　　　　　　　　　	40.3	5	6	1	0.38407276055449735	17	1.9	4	8	1.1	1	1.0	1.1	2.0	8	17	11.8	8	17	1	17	1	8	3.7	4.2	1.5	17	8	44.0	7.7
阪神	2023	226	5	3	パワポケプレミア　　　　　　　　　　	413.4	15	16	1	0.38407276055449735	17	1.9	4	8	1.1	1	1.0	1.1	2.0	8	17	11.8	8	17	1	17	1	8	3.7	4.2	1.5	17	8	44.0	7.7
阪神	2023	226	5	4	クラウドセイル　　　　　　　　　　　	41.1	6	7	1	0.38407276055449735	17	1.9	4	8	1.1	1	1.0	1.1	2.0	8	17	11.8	8	17	1	17	1	8	3.7	4.2	1.5	17	8	44.0	7.7
阪神	2023	226	5	5	ウインジュルネ　　　　　　　　　　　	181.5	11	5	1	0.38407276055449735	17	1.9	4	8	1.1	1	1.0	1.1	2.0	8	17	11.8	8	17	1	17	1	8	3.7	4.2	1.5	17	8	44.0	7.7
阪神	2023	226	5	6	ダノンプレジャー　　　　　　　　　　	99.7	10	15	1	0.38407276055449735	17	1.9	4	8	1.1	1	1.0	1.1	2.0	8	17	11.8	8	17	1	17	1	8	3.7	4.2	1.5	17	8	44.0	7.7
阪神	2023	226	5	7	テイエムシャー　　　　　　　　　　　	259.9	13	9	1	0.38407276055449735	17	1.9	4	8	1.1	1	1.0	1.1	2.0	8	17	11.8	8	17	1	17	1	8	3.7	4.2	1.5	17	8	44.0	7.7
阪神	2023	226	5	8	レッドテンペスト　　　　　　　　　　	2.0	1	2	1	0.38407276055449735	17	1.9	4	8	1.1	1	1.0	1.1	2.0	8	17	11.8	8	17	1	17	1	8	3.7	4.2	1.5	17	8	44.0	7.7
阪神	2023	226	5	9	クリノキスミント　　　　　　　　　　	847.2	17	17	1	0.38407276055449735	17	1.9	4	8	1.1	1	1.0	1.1	2.0	8	17	11.8	8	17	1	17	1	8	3.7	4.2	1.5	17	8	44.0	7.7
阪神	2023	226	5	10	ゴレアドール　　　　　　　　　　　　	68.9	8	8	1	0.38407276055449735	17	1.9	4	8	1.1	1	1.0	1.1	2.0	8	17	11.8	8	17	1	17	1	8	3.7	4.2	1.5	17	8	44.0	7.7
阪神	2023	226	5	11	ホウショウラスティ　　　　　　　　　	42.9	7	12	1	0.38407276055449735	17	1.9	4	8	1.1	1	1.0	1.1	2.0	8	17	11.8	8	17	1	17	1	8	3.7	4.2	1.5	17	8	44.0	7.7
阪神	2023	226	5	12	フローラルハニー　　　　　　　　　　	388.5	14	14	1	0.38407276055449735	17	1.9	4	8	1.1	1	1.0	1.1	2.0	8	17	11.8	8	17	1	17	1	8	3.7	4.2	1.5	17	8	44.0	7.7
阪神	2023	226	5	13	イレンカ　　　　　　　　　　　　　　	525.4	16	13	1	0.38407276055449735	17	1.9	4	8	1.1	1	1.0	1.1	2.0	8	17	11.8	8	17	1	17	1	8	3.7	4.2	1.5	17	8	44.0	7.7
阪神	2023	226	5	14	タイキウルトラ　　　　　　　　　　　	75.0	9	10	1	0.38407276055449735	17	1.9	4	8	1.1	1	1.0	1.1	2.0	8	17	11.8	8	17	1	17	1	8	3.7	4.2	1.5	17	8	44.0	7.7
阪神	2023	226	5	15	シゲルミラクル　　　　　　　　　　　	199.2	12	11	1	0.38407276055449735	17	1.9	4	8	1.1	1	1.0	1.1	2.0	8	17	11.8	8	17	1	17	1	8	3.7	4.2	1.5	17	8	44.0	7.7
阪神	2023	226	5	16	ジャミーレ　　　　　　　　　　　　　	8.6	3	4	1	0.38407276055449735	17	1.9	4	8	1.1	1	1.0	1.1	2.0	8	17	11.8	8	17	1	17	1	8	3.7	4.2	1.5	17	8	44.0	7.7
阪神	2023	226	5	17	ルクスドヌーヴ　　　　　　　　　　　	17.8	4	1	1	0.38407276055449735	17	1.9	4	8	1.1	1	1.0	1.1	2.0	8	17	11.8	8	17	1	17	1	8	3.7	4.2	1.5	17	8	44.0	7.7
阪神	2023	226	10	1	トールキン　　　　　　　　　　　　　	12.2	4	6	1	0.38407276055449735	4	1.1	1	3	2.9	5	9.0	4.1	7.0	3	4	10.1	3	4	4	9	3	9	4.6	6.8	35.5	4	3	12.4	63.7
阪神	2023	226	10	2	コーパスクリスティ　　　　　　　　　	8.6	3	9	1	0.38407276055449735	4	1.1	1	3	2.9	5	9.0	4.1	7.0	3	4	10.1	3	4	4	9	3	9	4.6	6.8	35.5	4	3	12.4	63.7
阪神	2023	226	10	3	ブーケファロス　　　　　　　　　　　	24.7	5	2	1	0.38407276055449735	4	1.1	1	3	2.9	5	9.0	4.1	7.0	3	4	10.1	3	4	4	9	3	9	4.6	6.8	35.5	4	3	12.4	63.7
阪神	2023	226	10	4	ビッグシーザー　　　　　　　　　　　	1.3	1	1	1	0.38407276055449735	4	1.1	1	3	2.9	5	9.0	4.1	7.0	3	4	10.1	3	4	4	9	3	9	4.6	6.8	35.5	4	3	12.4	63.7
阪神	2023	226	10	5	ウメムスビ　　　　　　　　　　　　　	30.4	7	8	1	0.38407276055449735	4	1.1	1	3	2.9	5	9.0	4.1	7.0	3	4	10.1	3	4	4	9	3	9	4.6	6.8	35.5	4	3	12.4	63.7
阪神	2023	226	10	6	エコロアイ　　　　　　　　　　　　　	136.4	10	7	1	0.38407276055449735	4	1.1	1	3	2.9	5	9.0	4.1	7.0	3	4	10.1	3	4	4	9	3	9	4.6	6.8	35.5	4	3	12.4	63.7
阪神	2023	226	10	7	ミルトクレイモー　　　　　　　　　　	7.1	2	4	1	0.38407276055449735	4	1.1	1	3	2.9	5	9.0	4.1	7.0	3	4	10.1	3	4	4	9	3	9	4.6	6.8	35.5	4	3	12.4	63.7
阪神	2023	226	10	8	バレリーナ　　　　　　　　　　　　　	34.2	8	10	1	0.38407276055449735	4	1.1	1	3	2.9	5	9.0	4.1	7.0	3	4	10.1	3	4	4	9	3	9	4.6	6.8	35.5	4	3	12.4	63.7
阪神	2023	226	10	9	オメガシンフォニー　　　　　　　　　	26.4	6	3	1	0.38407276055449735	4	1.1	1	3	2.9	5	9.0	4.1	7.0	3	4	10.1	3	4	4	9	3	9	4.6	6.8	35.5	4	3	12.4	63.7
阪神	2023	226	10	10	アームズレイン　　　　　　　　　　　	42.0	9	5	1	0.38407276055449735	4	1.1	1	3	2.9	5	9.0	4.1	7.0	3	4	10.1	3	4	4	9	3	9	4.6	6.8	35.5	4	3	12.4	63.7
阪神	2023	304	5	1	ホワイトキャンバス　　　　　　　　　	313.2	17	10	1	0.38407276055449735	14	1.1	1	10	2.5	4	18.0	4.2	8.0	10	14	9.2	10	14	14	18	10	18	4.1	8.2	35.8	14	10	13.1	54.1
阪神	2023	304	5	2	ブルースペース　　　　　　　　　　　	456.0	18	17	1	0.38407276055449735	14	1.1	1	10	2.5	4	18.0	4.2	8.0	10	14	9.2	10	14	14	18	10	18	4.1	8.2	35.8	14	10	13.1	54.1
阪神	2023	304	5	3	キャッチローズ　　　　　　　　　　　	164.8	15	18	1	0.38407276055449735	14	1.1	1	10	2.5	4	18.0	4.2	8.0	10	14	9.2	10	14	14	18	10	18	4.1	8.2	35.8	14	10	13.1	54.1
阪神	2023	304	5	4	テネールスエルテ　　　　　　　　　　	73.0	10	14	1	0.38407276055449735	14	1.1	1	10	2.5	4	18.0	4.2	8.0	10	14	9.2	10	14	14	18	10	18	4.1	8.2	35.8	14	10	13.1	54.1
阪神	2023	304	5	5	ライジングホープ　　　　　　　　　　	26.7	8	7	1	0.38407276055449735	14	1.1	1	10	2.5	4	18.0	4.2	8.0	10	14	9.2	10	14	14	18	10	18	4.1	8.2	35.8	14	10	13.1	54.1
阪神	2023	304	5	6	ダミエ　　　　　　　　　　　　　　　	9.3	3	12	1	0.38407276055449735	14	1.1	1	10	2.5	4	18.0	4.2	8.0	10	14	9.2	10	14	14	18	10	18	4.1	8.2	35.8	14	10	13.1	54.1
阪神	2023	304	5	7	クリプティクコード　　　　　　　　　	77.3	11	16	1	0.38407276055449735	14	1.1	1	10	2.5	4	18.0	4.2	8.0	10	14	9.2	10	14	14	18	10	18	4.1	8.2	35.8	14	10	13.1	54.1
阪神	2023	304	5	8	レガリア　　　　　　　　　　　　　　	131.8	13	9	1	0.38407276055449735	14	1.1	1	10	2.5	4	18.0	4.2	8.0	10	14	9.2	10	14	14	18	10	18	4.1	8.2	35.8	14	10	13.1	54.1
阪神	2023	304	5	9	カナオールウェイズ　　　　　　　　　	91.1	12	8	1	0.38407276055449735	14	1.1	1	10	2.5	4	18.0	4.2	8.0	10	14	9.2	10	14	14	18	10	18	4.1	8.2	35.8	14	10	13.1	54.1
阪神	2023	304	5	10	ワカタツフェイス　　　　　　　　　　	12.3	5	2	1	0.38407276055449735	14	1.1	1	10	2.5	4	18.0	4.2	8.0	10	14	9.2	10	14	14	18	10	18	4.1	8.2	35.8	14	10	13.1	54.1
阪神	2023	304	5	11	リーチエミネンス　　　　　　　　　　	231.6	16	15	1	0.38407276055449735	14	1.1	1	10	2.5	4	18.0	4.2	8.0	10	14	9.2	10	14	14	18	10	18	4.1	8.2	35.8	14	10	13.1	54.1
阪神	2023	304	5	12	アオイコウキ　　　　　　　　　　　　	8.9	2	4	1	0.38407276055449735	14	1.1	1	10	2.5	4	18.0	4.2	8.0	10	14	9.2	10	14	14	18	10	18	4.1	8.2	35.8	14	10	13.1	54.1
阪神	2023	304	5	13	ステラポイント　　　　　　　　　　　	56.8	9	13	1	0.38407276055449735	14	1.1	1	10	2.5	4	18.0	4.2	8.0	10	14	9.2	10	14	14	18	10	18	4.1	8.2	35.8	14	10	13.1	54.1
阪神	2023	304	5	14	ダノンバビル　　　　　　　　　　　　	1.6	1	1	1	0.38407276055449735	14	1.1	1	10	2.5	4	18.0	4.2	8.0	10	14	9.2	10	14	14	18	10	18	4.1	8.2	35.8	14	10	13.1	54.1
阪神	2023	304	5	15	ユハンヌス　　　　　　　　　　　　　	9.6	4	6	1	0.38407276055449735	14	1.1	1	10	2.5	4	18.0	4.2	8.0	10	14	9.2	10	14	14	18	10	18	4.1	8.2	35.8	14	10	13.1	54.1
阪神	2023	304	5	16	アグネスシュウ　　　　　　　　　　　	143.3	14	11	1	0.38407276055449735	14	1.1	1	10	2.5	4	18.0	4.2	8.0	10	14	9.2	10	14	14	18	10	18	4.1	8.2	35.8	14	10	13.1	54.1
阪神	2023	304	5	17	リアリーホット　　　　　　　　　　　	18.1	6	5	1	0.38407276055449735	14	1.1	1	10	2.5	4	18.0	4.2	8.0	10	14	9.2	10	14	14	18	10	18	4.1	8.2	35.8	14	10	13.1	54.1
阪神	2023	304	5	18	レッドルヴァンシュ　　　　　　　　　	23.3	7	3	1	0.38407276055449735	14	1.1	1	10	2.5	4	18.0	4.2	8.0	10	14	9.2	10	14	14	18	10	18	4.1	8.2	35.8	14	10	13.1	54.1
阪神	2023	304	11	1	アンリーロード　　　　　　　　　　　	22.3	9	12	1	0.38407276055449735	9	3.7	6	13	3.6	5	17.0	2.5	2.0	9	13	68.9	9	13	9	17	13	17	22.4	21.2	18.8	9	13	149.5	202.8
阪神	2023	304	11	2	キタウイング　　　　　　　　　　　　	11.4	5	7	1	0.38407276055449735	9	3.7	6	13	3.6	5	17.0	2.5	2.0	9	13	68.9	9	13	9	17	13	17	22.4	21.2	18.8	9	13	149.5	202.8
阪神	2023	304	11	3	ルミノメテオール　　　　　　　　　　	7.0	3	4	1	0.38407276055449735	9	3.7	6	13	3.6	5	17.0	2.5	2.0	9	13	68.9	9	13	9	17	13	17	22.4	21.2	18.8	9	13	149.5	202.8
阪神	2023	304	11	4	エクローサ　　　　　　　　　　　　　	244.1	16	14	1	0.38407276055449735	9	3.7	6	13	3.6	5	17.0	2.5	2.0	9	13	68.9	9	13	9	17	13	17	22.4	21.2	18.8	9	13	149.5	202.8
阪神	2023	304	11	5	ダルエスサラーム　　　　　　　　　　	19.9	8	6	1	0.38407276055449735	9	3.7	6	13	3.6	5	17.0	2.5	2.0	9	13	68.9	9	13	9	17	13	17	22.4	21.2	18.8	9	13	149.5	202.8
阪神	2023	304	11	6	レミージュ　　　　　　　　　　　　　	76.0	13	16	1	0.38407276055449735	9	3.7	6	13	3.6	5	17.0	2.5	2.0	9	13	68.9	9	13	9	17	13	17	22.4	21.2	18.8	9	13	149.5	202.8
阪神	2023	304	11	7	マラキナイア　　　　　　　　　　　　	72.8	12	9	1	0.38407276055449735	9	3.7	6	13	3.6	5	17.0	2.5	2.0	9	13	68.9	9	13	9	17	13	17	22.4	21.2	18.8	9	13	149.5	202.8
阪神	2023	304	11	8	ドゥーラ　　　　　　　　　　　　　　	2.5	1	15	1	0.38407276055449735	9	3.7	6	13	3.6	5	17.0	2.5	2.0	9	13	68.9	9	13	9	17	13	17	22.4	21.2	18.8	9	13	149.5	202.8
阪神	2023	304	11	9	モズメイメイ　　　　　　　　　　　　	16.2	7	1	1	0.38407276055449735	9	3.7	6	13	3.6	5	17.0	2.5	2.0	9	13	68.9	9	13	9	17	13	17	22.4	21.2	18.8	9	13	149.5	202.8
阪神	2023	304	11	10	アリスヴェリテ　　　　　　　　　　　	24.6	10	8	1	0.38407276055449735	9	3.7	6	13	3.6	5	17.0	2.5	2.0	9	13	68.9	9	13	9	17	13	17	22.4	21.2	18.8	9	13	149.5	202.8
阪神	2023	304	11	11	バースクライ　　　　　　　　　　　　	8.9	4	13	1	0.38407276055449735	9	3.7	6	13	3.6	5	17.0	2.5	2.0	9	13	68.9	9	13	9	17	13	17	22.4	21.2	18.8	9	13	149.5	202.8
阪神	2023	304	11	12	カフジキアッキエレ　　　　　　　　　	67.8	11	11	1	0.38407276055449735	9	3.7	6	13	3.6	5	17.0	2.5	2.0	9	13	68.9	9	13	9	17	13	17	22.4	21.2	18.8	9	13	149.5	202.8
阪神	2023	304	11	13	コナコースト　　　　　　　　　　　　	14.8	6	2	1	0.38407276055449735	9	3.7	6	13	3.6	5	17.0	2.5	2.0	9	13	68.9	9	13	9	17	13	17	22.4	21.2	18.8	9	13	149.5	202.8
阪神	2023	304	11	14	ルカン　　　　　　　　　　　　　　　	99.1	14	5	1	0.38407276055449735	9	3.7	6	13	3.6	5	17.0	2.5	2.0	9	13	68.9	9	13	9	17	13	17	22.4	21.2	18.8	9	13	149.5	202.8
阪神	2023	304	11	15	ワレハウミノコ　　　　　　　　　　　	250.4	17	17	1	0.38407276055449735	9	3.7	6	13	3.6	5	17.0	2.5	2.0	9	13	68.9	9	13	9	17	13	17	22.4	21.2	18.8	9	13	149.5	202.8
阪神	2023	304	11	16	サーマルソアリング　　　　　　　　　	99.3	15	10	1	0.38407276055449735	9	3.7	6	13	3.6	5	17.0	2.5	2.0	9	13	68.9	9	13	9	17	13	17	22.4	21.2	18.8	9	13	149.5	202.8
阪神	2023	304	11	17	ペリファーニア　　　　　　　　　　　	5.4	2	3	1	0.38407276055449735	9	3.7	6	13	3.6	5	17.0	2.5	2.0	9	13	68.9	9	13	9	17	13	17	22.4	21.2	18.8	9	13	149.5	202.8
阪神	2023	311	6	1	マインインパクト　　　　　　　　　　	494.9	10	10	1	0.38407276055449735	10	1.1	1	9	1.7	4	8.0	1.6	3.0	9	10	5.8	9	10	8	10	8	9	2.6	2.8	3.3	10	9	8.4	9.1
阪神	2023	311	6	2	ミシェラドラータ　　　　　　　　　　	73.3	8	7	1	0.38407276055449735	10	1.1	1	9	1.7	4	8.0	1.6	3.0	9	10	5.8	9	10	8	10	8	9	2.6	2.8	3.3	10	9	8.4	9.1
阪神	2023	311	6	3	ニシノベストワン　　　　　　　　　　	15.0	6	6	1	0.38407276055449735	10	1.1	1	9	1.7	4	8.0	1.6	3.0	9	10	5.8	9	10	8	10	8	9	2.6	2.8	3.3	10	9	8.4	9.1
阪神	2023	311	6	4	トゥーテイルズ　　　　　　　　　　　	17.1	7	4	1	0.38407276055449735	10	1.1	1	9	1.7	4	8.0	1.6	3.0	9	10	5.8	9	10	8	10	8	9	2.6	2.8	3.3	10	9	8.4	9.1
阪神	2023	311	6	5	モズスナイパー　　　　　　　　　　　	308.8	9	8	1	0.38407276055449735	10	1.1	1	9	1.7	4	8.0	1.6	3.0	9	10	5.8	9	10	8	10	8	9	2.6	2.8	3.3	10	9	8.4	9.1
阪神	2023	311	6	6	メモリーズオブユー　　　　　　　　　	10.8	5	9	1	0.38407276055449735	10	1.1	1	9	1.7	4	8.0	1.6	3.0	9	10	5.8	9	10	8	10	8	9	2.6	2.8	3.3	10	9	8.4	9.1
阪神	2023	311	6	7	テンノメッセージ　　　　　　　　　　	5.2	2	5	1	0.38407276055449735	10	1.1	1	9	1.7	4	8.0	1.6	3.0	9	10	5.8	9	10	8	10	8	9	2.6	2.8	3.3	10	9	8.4	9.1
阪神	2023	311	6	8	ポルカリズム　　　　　　　　　　　　	6.3	4	3	1	0.38407276055449735	10	1.1	1	9	1.7	4	8.0	1.6	3.0	9	10	5.8	9	10	8	10	8	9	2.6	2.8	3.3	10	9	8.4	9.1
阪神	2023	311	6	9	プッシュオン　　　　　　　　　　　　	5.9	3	2	1	0.38407276055449735	10	1.1	1	9	1.7	4	8.0	1.6	3.0	9	10	5.8	9	10	8	10	8	9	2.6	2.8	3.3	10	9	8.4	9.1
阪神	2023	311	6	10	ショーモン　　　　　　　　　　　　　	2.0	1	1	1	0.38407276055449735	10	1.1	1	9	1.7	4	8.0	1.6	3.0	9	10	5.8	9	10	8	10	8	9	2.6	2.8	3.3	10	9	8.4	9.1
阪神	2023	312	4	1	エスカミーリョ　　　　　　　　　　　	16.3	6	12	1	0.38407276055449735	7	3.2	6	18	1.1	1	2.0	2.3	4.0	7	18	16.0	7	18	2	7	2	18	5.8	19.3	3.8	7	18	46.8	42.0
阪神	2023	312	4	2	コモドアーズ　　　　　　　　　　　　	8.9	3	3	1	0.38407276055449735	7	3.2	6	18	1.1	1	2.0	2.3	4.0	7	18	16.0	7	18	2	7	2	18	5.8	19.3	3.8	7	18	46.8	42.0
阪神	2023	312	4	3	ブレスユアスターズ　　　　　　　　　	81.0	10	5	1	0.38407276055449735	7	3.2	6	18	1.1	1	2.0	2.3	4.0	7	18	16.0	7	18	2	7	2	18	5.8	19.3	3.8	7	18	46.8	42.0
阪神	2023	312	4	4	キタノファルクス　　　　　　　　　　	55.0	9	11	1	0.38407276055449735	7	3.2	6	18	1.1	1	2.0	2.3	4.0	7	18	16.0	7	18	2	7	2	18	5.8	19.3	3.8	7	18	46.8	42.0
阪神	2023	312	4	5	キタイノオノコ　　　　　　　　　　　	149.2	14	13	1	0.38407276055449735	7	3.2	6	18	1.1	1	2.0	2.3	4.0	7	18	16.0	7	18	2	7	2	18	5.8	19.3	3.8	7	18	46.8	42.0
阪神	2023	312	4	6	アメイジングスター　　　　　　　　　	19.2	7	4	1	0.38407276055449735	7	3.2	6	18	1.1	1	2.0	2.3	4.0	7	18	16.0	7	18	2	7	2	18	5.8	19.3	3.8	7	18	46.8	42.0
阪神	2023	312	4	7	マランジュ　　　　　　　　　　　　　	15.6	5	1	1	0.38407276055449735	7	3.2	6	18	1.1	1	2.0	2.3	4.0	7	18	16.0	7	18	2	7	2	18	5.8	19.3	3.8	7	18	46.8	42.0
阪神	2023	312	4	8	アレプリュロアン　　　　　　　　　　	282.5	16	10	1	0.38407276055449735	7	3.2	6	18	1.1	1	2.0	2.3	4.0	7	18	16.0	7	18	2	7	2	18	5.8	19.3	3.8	7	18	46.8	42.0
阪神	2023	312	4	9	スプリングラヴ　　　　　　　　　　　	105.4	12	7	1	0.38407276055449735	7	3.2	6	18	1.1	1	2.0	2.3	4.0	7	18	16.0	7	18	2	7	2	18	5.8	19.3	3.8	7	18	46.8	42.0
阪神	2023	312	4	10	トゥルーサンライズ　　　　　　　　　	26.5	8	15	1	0.38407276055449735	7	3.2	6	18	1.1	1	2.0	2.3	4.0	7	18	16.0	7	18	2	7	2	18	5.8	19.3	3.8	7	18	46.8	42.0
阪神	2023	312	4	11	フェールデレーヴ　　　　　　　　　　	6.2	2	6	1	0.38407276055449735	7	3.2	6	18	1.1	1	2.0	2.3	4.0	7	18	16.0	7	18	2	7	2	18	5.8	19.3	3.8	7	18	46.8	42.0
阪神	2023	312	4	12	レットイットゴー　　　　　　　　　　	316.2	17	17	1	0.38407276055449735	7	3.2	6	18	1.1	1	2.0	2.3	4.0	7	18	16.0	7	18	2	7	2	18	5.8	19.3	3.8	7	18	46.8	42.0
阪神	2023	312	4	13	ピーシャ　　　　　　　　　　　　　　	117.9	13	8	1	0.38407276055449735	7	3.2	6	18	1.1	1	2.0	2.3	4.0	7	18	16.0	7	18	2	7	2	18	5.8	19.3	3.8	7	18	46.8	42.0
阪神	2023	312	4	14	ヤマニンティンク　　　　　　　　　　	88.8	11	16	1	0.38407276055449735	7	3.2	6	18	1.1	1	2.0	2.3	4.0	7	18	16.0	7	18	2	7	2	18	5.8	19.3	3.8	7	18	46.8	42.0
阪神	2023	312	4	15	ケイティウラノス　　　　　　　　　　	211.5	15	14	1	0.38407276055449735	7	3.2	6	18	1.1	1	2.0	2.3	4.0	7	18	16.0	7	18	2	7	2	18	5.8	19.3	3.8	7	18	46.8	42.0
阪神	2023	312	4	16	カルストントラスト　　　　　　　　　	419.5	18	18	1	0.38407276055449735	7	3.2	6	18	1.1	1	2.0	2.3	4.0	7	18	16.0	7	18	2	7	2	18	5.8	19.3	3.8	7	18	46.8	42.0
阪神	2023	312	4	17	ヴァルトラウテ　　　　　　　　　　　	9.4	4	9	1	0.38407276055449735	7	3.2	6	18	1.1	1	2.0	2.3	4.0	7	18	16.0	7	18	2	7	2	18	5.8	19.3	3.8	7	18	46.8	42.0
阪神	2023	312	4	18	デイトナモード　　　　　　　　　　　	1.7	1	2	1	0.38407276055449735	7	3.2	6	18	1.1	1	2.0	2.3	4.0	7	18	16.0	7	18	2	7	2	18	5.8	19.3	3.8	7	18	46.8	42.0
阪神	2023	312	11	1	イティネラートル　　　　　　　　　　	22.6	10	5	1	0.38407276055449735	12	2.0	1	15	4.3	8	9.0	5.3	10.0	12	15	31.9	12	15	9	12	9	15	14.5	22.6	41.6	12	15	54.4	247.6
阪神	2023	312	11	2	イコノスタシス　　　　　　　　　　　	14.9	8	14	1	0.38407276055449735	12	2.0	1	15	4.3	8	9.0	5.3	10.0	12	15	31.9	12	15	9	12	9	15	14.5	22.6	41.6	12	15	54.4	247.6
阪神	2023	312	11	3	ニシノトキメキ　　　　　　　　　　　	142.5	15	18	1	0.38407276055449735	12	2.0	1	15	4.3	8	9.0	5.3	10.0	12	15	31.9	12	15	9	12	9	15	14.5	22.6	41.6	12	15	54.4	247.6
阪神	2023	312	11	4	ジョリダム　　　　　　　　　　　　　	87.1	14	15	1	0.38407276055449735	12	2.0	1	15	4.3	8	9.0	5.3	10.0	12	15	31.9	12	15	9	12	9	15	14.5	22.6	41.6	12	15	54.4	247.6
阪神	2023	312	11	5	トウシンカーリン　　　　　　　　　　	202.6	17	9	1	0.38407276055449735	12	2.0	1	15	4.3	8	9.0	5.3	10.0	12	15	31.9	12	15	9	12	9	15	14.5	22.6	41.6	12	15	54.4	247.6
阪神	2023	312	11	6	リバーラ　　　　　　　　　　　　　　	6.0	3	12	1	0.38407276055449735	12	2.0	1	15	4.3	8	9.0	5.3	10.0	12	15	31.9	12	15	9	12	9	15	14.5	22.6	41.6	12	15	54.4	247.6
阪神	2023	312	11	7	ポリーフォリア　　　　　　　　　　　	8.0	5	8	1	0.38407276055449735	12	2.0	1	15	4.3	8	9.0	5.3	10.0	12	15	31.9	12	15	9	12	9	15	14.5	22.6	41.6	12	15	54.4	247.6
阪神	2023	312	11	8	エコロアイ　　　　　　　　　　　　　	199.3	16	17	1	0.38407276055449735	12	2.0	1	15	4.3	8	9.0	5.3	10.0	12	15	31.9	12	15	9	12	9	15	14.5	22.6	41.6	12	15	54.4	247.6
阪神	2023	312	11	9	ジューンオレンジ　　　　　　　　　　	27.6	11	3	1	0.38407276055449735	12	2.0	1	15	4.3	8	9.0	5.3	10.0	12	15	31.9	12	15	9	12	9	15	14.5	22.6	41.6	12	15	54.4	247.6
阪神	2023	312	11	10	トラベログ　　　　　　　　　　　　　	13.0	6	16	1	0.38407276055449735	12	2.0	1	15	4.3	8	9.0	5.3	10.0	12	15	31.9	12	15	9	12	9	15	14.5	22.6	41.6	12	15	54.4	247.6
阪神	2023	312	11	11	ルーフ　　　　　　　　　　　　　　　	7.4	4	4	1	0.38407276055449735	12	2.0	1	15	4.3	8	9.0	5.3	10.0	12	15	31.9	12	15	9	12	9	15	14.5	22.6	41.6	12	15	54.4	247.6
阪神	2023	312	11	12	シングザットソング　　　　　　　　　	4.8	2	1	1	0.38407276055449735	12	2.0	1	15	4.3	8	9.0	5.3	10.0	12	15	31.9	12	15	9	12	9	15	14.5	22.6	41.6	12	15	54.4	247.6
阪神	2023	312	11	13	ブトンドール　　　　　　　　　　　　	4.8	1	6	1	0.38407276055449735	12	2.0	1	15	4.3	8	9.0	5.3	10.0	12	15	31.9	12	15	9	12	9	15	14.5	22.6	41.6	12	15	54.4	247.6
阪神	2023	312	11	14	サラサハウプリティ　　　　　　　　　	18.4	9	7	1	0.38407276055449735	12	2.0	1	15	4.3	8	9.0	5.3	10.0	12	15	31.9	12	15	9	12	9	15	14.5	22.6	41.6	12	15	54.4	247.6
阪神	2023	312	11	15	ムーンプローブ　　　　　　　　　　　	14.8	7	2	1	0.38407276055449735	12	2.0	1	15	4.3	8	9.0	5.3	10.0	12	15	31.9	12	15	9	12	9	15	14.5	22.6	41.6	12	15	54.4	247.6
阪神	2023	312	11	16	マルモリディライト　　　　　　　　　	467.8	18	13	1	0.38407276055449735	12	2.0	1	15	4.3	8	9.0	5.3	10.0	12	15	31.9	12	15	9	12	9	15	14.5	22.6	41.6	12	15	54.4	247.6
阪神	2023	312	11	17	プウスカンドゥール　　　　　　　　　	55.3	12	11	1	0.38407276055449735	12	2.0	1	15	4.3	8	9.0	5.3	10.0	12	15	31.9	12	15	9	12	9	15	14.5	22.6	41.6	12	15	54.4	247.6
阪神	2023	312	11	18	ランフリーバンクス　　　　　　　　　	55.5	13	10	1	0.38407276055449735	12	2.0	1	15	4.3	8	9.0	5.3	10.0	12	15	31.9	12	15	9	12	9	15	14.5	22.6	41.6	12	15	54.4	247.6
阪神	2023	319	6	1	マインインパクト　　　　　　　　　　	170.7	8	9	1	0.38407276055449735	3	1.1	1	9	1.1	2	4.0	1.6	4.0	3	9	1.8	3	9	3	4	4	9	1.2	2.1	3.6	3	9	2.7	5.2
阪神	2023	319	6	2	カミーロ　　　　　　　　　　　　　　	9.8	4	4	1	0.38407276055449735	3	1.1	1	9	1.1	2	4.0	1.6	4.0	3	9	1.8	3	9	3	4	4	9	1.2	2.1	3.6	3	9	2.7	5.2
阪神	2023	319	6	3	グランテスト　　　　　　　　　　　　	1.5	1	1	1	0.38407276055449735	3	1.1	1	9	1.1	2	4.0	1.6	4.0	3	9	1.8	3	9	3	4	4	9	1.2	2.1	3.6	3	9	2.7	5.2
阪神	2023	319	6	4	ヴェンチュラムーン　　　　　　　　　	14.4	5	3	1	0.38407276055449735	3	1.1	1	9	1.1	2	4.0	1.6	4.0	3	9	1.8	3	9	3	4	4	9	1.2	2.1	3.6	3	9	2.7	5.2
阪神	2023	319	6	5	ネイキッド　　　　　　　　　　　　　	27.1	6	6	1	0.38407276055449735	3	1.1	1	9	1.1	2	4.0	1.6	4.0	3	9	1.8	3	9	3	4	4	9	1.2	2.1	3.6	3	9	2.7	5.2
阪神	2023	319	6	6	カンチェンジュンガ　　　　　　　　　	9.7	3	5	1	0.38407276055449735	3	1.1	1	9	1.1	2	4.0	1.6	4.0	3	9	1.8	3	9	3	4	4	9	1.2	2.1	3.6	3	9	2.7	5.2
阪神	2023	319	6	7	アパラージタ　　　　　　　　　　　　	454.0	9	8	1	0.38407276055449735	3	1.1	1	9	1.1	2	4.0	1.6	4.0	3	9	1.8	3	9	3	4	4	9	1.2	2.1	3.6	3	9	2.7	5.2
阪神	2023	319	6	8	カワキタマックス　　　　　　　　　　	56.3	7	7	1	0.38407276055449735	3	1.1	1	9	1.1	2	4.0	1.6	4.0	3	9	1.8	3	9	3	4	4	9	1.2	2.1	3.6	3	9	2.7	5.2
阪神	2023	319	6	9	スリーアイランド　　　　　　　　　　	3.5	2	2	1	0.38407276055449735	3	1.1	1	9	1.1	2	4.0	1.6	4.0	3	9	1.8	3	9	3	4	4	9	1.2	2.1	3.6	3	9	2.7	5.2
阪神	2023	325	6	1	ウインエーデル　　　　　　　　　　　	3.9	2	2	1	0.38407276055449735	4	20.4	11	1	1.8	2	2.0	2.4	5.0	1	4	236.5	1	4	2	4	1	2	68.5	60.0	6.4	4	1	671.6	393.7
阪神	2023	325	6	2	コモドアーズ　　　　　　　　　　　　	8.1	5	3	1	0.38407276055449735	4	20.4	11	1	1.8	2	2.0	2.4	5.0	1	4	236.5	1	4	2	4	1	2	68.5	60.0	6.4	4	1	671.6	393.7
阪神	2023	325	6	3	テイエムアンジェロ　　　　　　　　　	337.1	17	15	1	0.38407276055449735	4	20.4	11	1	1.8	2	2.0	2.4	5.0	1	4	236.5	1	4	2	4	1	2	68.5	60.0	6.4	4	1	671.6	393.7
阪神	2023	325	6	4	システムリブート　　　　　　　　　　	118.1	12	1	1	0.38407276055449735	4	20.4	11	1	1.8	2	2.0	2.4	5.0	1	4	236.5	1	4	2	4	1	2	68.5	60.0	6.4	4	1	671.6	393.7
阪神	2023	325	6	5	トラミナー　　　　　　　　　　　　　	5.0	4	4	1	0.38407276055449735	4	20.4	11	1	1.8	2	2.0	2.4	5.0	1	4	236.5	1	4	2	4	1	2	68.5	60.0	6.4	4	1	671.6	393.7
阪神	2023	325	6	6	ヤマカツダーリン　　　　　　　　　　	258.2	15	17	1	0.38407276055449735	4	20.4	11	1	1.8	2	2.0	2.4	5.0	1	4	236.5	1	4	2	4	1	2	68.5	60.0	6.4	4	1	671.6	393.7
阪神	2023	325	6	7	ウインドワンピース　　　　　　　　　	359.5	18	18	1	0.38407276055449735	4	20.4	11	1	1.8	2	2.0	2.4	5.0	1	4	236.5	1	4	2	4	1	2	68.5	60.0	6.4	4	1	671.6	393.7
阪神	2023	325	6	8	ウインジュルネ　　　　　　　　　　　	56.1	9	8	1	0.38407276055449735	4	20.4	11	1	1.8	2	2.0	2.4	5.0	1	4	236.5	1	4	2	4	1	2	68.5	60.0	6.4	4	1	671.6	393.7
阪神	2023	325	6	9	レッドルヴァンシュ　　　　　　　　　	4.1	3	11	1	0.38407276055449735	4	20.4	11	1	1.8	2	2.0	2.4	5.0	1	4	236.5	1	4	2	4	1	2	68.5	60.0	6.4	4	1	671.6	393.7
阪神	2023	325	6	10	マテンロウジョイ　　　　　　　　　　	3.4	1	6	1	0.38407276055449735	4	20.4	11	1	1.8	2	2.0	2.4	5.0	1	4	236.5	1	4	2	4	1	2	68.5	60.0	6.4	4	1	671.6	393.7
阪神	2023	325	6	11	ヒルノピレネー　　　　　　　　　　　	36.1	7	7	1	0.38407276055449735	4	20.4	11	1	1.8	2	2.0	2.4	5.0	1	4	236.5	1	4	2	4	1	2	68.5	60.0	6.4	4	1	671.6	393.7
阪神	2023	325	6	12	コンフルエンス　　　　　　　　　　　	95.9	11	13	1	0.38407276055449735	4	20.4	11	1	1.8	2	2.0	2.4	5.0	1	4	236.5	1	4	2	4	1	2	68.5	60.0	6.4	4	1	671.6	393.7
阪神	2023	325	6	13	ノヴェント　　　　　　　　　　　　　	93.7	10	5	1	0.38407276055449735	4	20.4	11	1	1.8	2	2.0	2.4	5.0	1	4	236.5	1	4	2	4	1	2	68.5	60.0	6.4	4	1	671.6	393.7
阪神	2023	325	6	14	アズワンウイッシュ　　　　　　　　　	172.7	13	16	1	0.38407276055449735	4	20.4	11	1	1.8	2	2.0	2.4	5.0	1	4	236.5	1	4	2	4	1	2	68.5	60.0	6.4	4	1	671.6	393.7
阪神	2023	325	6	15	サエッタ　　　　　　　　　　　　　　	325.3	16	14	1	0.38407276055449735	4	20.4	11	1	1.8	2	2.0	2.4	5.0	1	4	236.5	1	4	2	4	1	2	68.5	60.0	6.4	4	1	671.6	393.7
阪神	2023	325	6	16	ポテンザ　　　　　　　　　　　　　　	29.8	6	12	1	0.38407276055449735	4	20.4	11	1	1.8	2	2.0	2.4	5.0	1	4	236.5	1	4	2	4	1	2	68.5	60.0	6.4	4	1	671.6	393.7
阪神	2023	325	6	17	ダンツクリスタル　　　　　　　　　　	44.4	8	10	1	0.38407276055449735	4	20.4	11	1	1.8	2	2.0	2.4	5.0	1	4	236.5	1	4	2	4	1	2	68.5	60.0	6.4	4	1	671.6	393.7
阪神	2023	325	6	18	モズキラー　　　　　　　　　　　　　	209.3	14	9	1	0.38407276055449735	4	20.4	11	1	1.8	2	2.0	2.4	5.0	1	4	236.5	1	4	2	4	1	2	68.5	60.0	6.4	4	1	671.6	393.7
阪神	2023	325	7	1	タガノシャーンス　　　　　　　　　　	2.5	1	1	1	0.38407276055449735	1	1.6	1	2	6.1	8	7.0	3.5	7.0	1	2	34.4	1	2	1	7	2	7	13.2	8.0	43.6	1	2	48.3	117.4
阪神	2023	325	7	2	ユメハハテシナク　　　　　　　　　　	30.2	8	2	1	0.38407276055449735	1	1.6	1	2	6.1	8	7.0	3.5	7.0	1	2	34.4	1	2	1	7	2	7	13.2	8.0	43.6	1	2	48.3	117.4
阪神	2023	325	7	3	サザーランド　　　　　　　　　　　　	7.4	4	6	1	0.38407276055449735	1	1.6	1	2	6.1	8	7.0	3.5	7.0	1	2	34.4	1	2	1	7	2	7	13.2	8.0	43.6	1	2	48.3	117.4
阪神	2023	325	7	4	ハウピア　　　　　　　　　　　　　　	78.8	10	10	1	0.38407276055449735	1	1.6	1	2	6.1	8	7.0	3.5	7.0	1	2	34.4	1	2	1	7	2	7	13.2	8.0	43.6	1	2	48.3	117.4
阪神	2023	325	7	5	ヴェンチュラムーン　　　　　　　　　	5.0	2	4	1	0.38407276055449735	1	1.6	1	2	6.1	8	7.0	3.5	7.0	1	2	34.4	1	2	1	7	2	7	13.2	8.0	43.6	1	2	48.3	117.4
阪神	2023	325	7	6	ゴルトリッチ　　　　　　　　　　　　	10.0	5	8	1	0.38407276055449735	1	1.6	1	2	6.1	8	7.0	3.5	7.0	1	2	34.4	1	2	1	7	2	7	13.2	8.0	43.6	1	2	48.3	117.4
阪神	2023	325	7	7	マルクパージュ　　　　　　　　　　　	15.3	7	3	1	0.38407276055449735	1	1.6	1	2	6.1	8	7.0	3.5	7.0	1	2	34.4	1	2	1	7	2	7	13.2	8.0	43.6	1	2	48.3	117.4
阪神	2023	325	7	8	ロードスパイラル　　　　　　　　　　	11.3	6	9	1	0.38407276055449735	1	1.6	1	2	6.1	8	7.0	3.5	7.0	1	2	34.4	1	2	1	7	2	7	13.2	8.0	43.6	1	2	48.3	117.4
阪神	2023	325	7	9	ミシェラドラータ　　　　　　　　　　	33.8	9	7	1	0.38407276055449735	1	1.6	1	2	6.1	8	7.0	3.5	7.0	1	2	34.4	1	2	1	7	2	7	13.2	8.0	43.6	1	2	48.3	117.4
阪神	2023	325	7	10	ベルタソ　　　　　　　　　　　　　　	5.1	3	5	1	0.38407276055449735	1	1.6	1	2	6.1	8	7.0	3.5	7.0	1	2	34.4	1	2	1	7	2	7	13.2	8.0	43.6	1	2	48.3	117.4
阪神	2023	402	5	1	ルクスドヌーヴ　　　　　　　　　　　	29.5	8	7	1	0.38407276055449735	11	1.3	2	6	1.4	3	12.0	1.2	1.0	6	11	9.1	6	11	11	12	6	12	3.3	1.9	3.3	11	6	18.2	8.5
阪神	2023	402	5	2	プウスカンドゥール　　　　　　　　　	47.4	9	5	1	0.38407276055449735	11	1.3	2	6	1.4	3	12.0	1.2	1.0	6	11	9.1	6	11	11	12	6	12	3.3	1.9	3.3	11	6	18.2	8.5
阪神	2023	402	5	3	スマラグドス　　　　　　　　　　　　	24.0	7	8	1	0.38407276055449735	11	1.3	2	6	1.4	3	12.0	1.2	1.0	6	11	9.1	6	11	11	12	6	12	3.3	1.9	3.3	11	6	18.2	8.5
阪神	2023	402	5	4	アパラージタ　　　　　　　　　　　　	480.4	12	12	1	0.38407276055449735	11	1.3	2	6	1.4	3	12.0	1.2	1.0	6	11	9.1	6	11	11	12	6	12	3.3	1.9	3.3	11	6	18.2	8.5
阪神	2023	402	5	5	ギョウネン　　　　　　　　　　　　　	83.5	10	9	1	0.38407276055449735	11	1.3	2	6	1.4	3	12.0	1.2	1.0	6	11	9.1	6	11	11	12	6	12	3.3	1.9	3.3	11	6	18.2	8.5
阪神	2023	402	5	6	アルナージェイン　　　　　　　　　　	4.4	3	2	1	0.38407276055449735	11	1.3	2	6	1.4	3	12.0	1.2	1.0	6	11	9.1	6	11	11	12	6	12	3.3	1.9	3.3	11	6	18.2	8.5
阪神	2023	402	5	7	タイキバルドル　　　　　　　　　　　	19.6	6	10	1	0.38407276055449735	11	1.3	2	6	1.4	3	12.0	1.2	1.0	6	11	9.1	6	11	11	12	6	12	3.3	1.9	3.3	11	6	18.2	8.5
阪神	2023	402	5	8	サンライズフォルス　　　　　　　　　	6.0	4	4	1	0.38407276055449735	11	1.3	2	6	1.4	3	12.0	1.2	1.0	6	11	9.1	6	11	11	12	6	12	3.3	1.9	3.3	11	6	18.2	8.5
阪神	2023	402	5	9	モズライフセーバー　　　　　　　　　	91.2	11	11	1	0.38407276055449735	11	1.3	2	6	1.4	3	12.0	1.2	1.0	6	11	9.1	6	11	11	12	6	12	3.3	1.9	3.3	11	6	18.2	8.5
阪神	2023	402	5	10	サンライズピース　　　　　　　　　　	13.9	5	6	1	0.38407276055449735	11	1.3	2	6	1.4	3	12.0	1.2	1.0	6	11	9.1	6	11	11	12	6	12	3.3	1.9	3.3	11	6	18.2	8.5
阪神	2023	402	5	11	マラキナイア　　　　　　　　　　　　	3.3	2	1	1	0.38407276055449735	11	1.3	2	6	1.4	3	12.0	1.2	1.0	6	11	9.1	6	11	11	12	6	12	3.3	1.9	3.3	11	6	18.2	8.5
阪神	2023	402	5	12	バースクライ　　　　　　　　　　　　	3.1	1	3	1	0.38407276055449735	11	1.3	2	6	1.4	3	12.0	1.2	1.0	6	11	9.1	6	11	11	12	6	12	3.3	1.9	3.3	11	6	18.2	8.5
阪神	2023	408	6	1	ストリンジェンド　　　　　　　　　　	25.8	5	6	1	0.38407276055449735	2	1.8	4	3	1.5	2	6.0	4.8	7.0	2	3	6.0	2	3	2	6	3	6	2.7	14.4	10.6	2	3	13.6	40.9
阪神	2023	408	6	2	カンチェンジュンガ　　　　　　　　　	5.5	4	1	1	0.38407276055449735	2	1.8	4	3	1.5	2	6.0	4.8	7.0	2	3	6.0	2	3	2	6	3	6	2.7	14.4	10.6	2	3	13.6	40.9
阪神	2023	408	6	3	ベルビューポイント　　　　　　　　　	3.2	2	2	1	0.38407276055449735	2	1.8	4	3	1.5	2	6.0	4.8	7.0	2	3	6.0	2	3	2	6	3	6	2.7	14.4	10.6	2	3	13.6	40.9
阪神	2023	408	6	4	サイモンオリーブ　　　　　　　　　　	103.8	11	7	1	0.38407276055449735	2	1.8	4	3	1.5	2	6.0	4.8	7.0	2	3	6.0	2	3	2	6	3	6	2.7	14.4	10.6	2	3	13.6	40.9
阪神	2023	408	6	5	ネイキッド　　　　　　　　　　　　　	29.3	6	5	1	0.38407276055449735	2	1.8	4	3	1.5	2	6.0	4.8	7.0	2	3	6.0	2	3	2	6	3	6	2.7	14.4	10.6	2	3	13.6	40.9
阪神	2023	408	6	6	イイヒニナル　　　　　　　　　　　　	31.7	7	3	1	0.38407276055449735	2	1.8	4	3	1.5	2	6.0	4.8	7.0	2	3	6.0	2	3	2	6	3	6	2.7	14.4	10.6	2	3	13.6	40.9
阪神	2023	408	6	7	スクルプトーリス　　　　　　　　　　	81.7	9	8	1	0.38407276055449735	2	1.8	4	3	1.5	2	6.0	4.8	7.0	2	3	6.0	2	3	2	6	3	6	2.7	14.4	10.6	2	3	13.6	40.9
阪神	2023	408	6	8	フォルティーナ　　　　　　　　　　　	87.9	10	10	1	0.38407276055449735	2	1.8	4	3	1.5	2	6.0	4.8	7.0	2	3	6.0	2	3	2	6	3	6	2.7	14.4	10.6	2	3	13.6	40.9
阪神	2023	408	6	9	アスクエピソード　　　　　　　　　　	5.0	3	4	1	0.38407276055449735	2	1.8	4	3	1.5	2	6.0	4.8	7.0	2	3	6.0	2	3	2	6	3	6	2.7	14.4	10.6	2	3	13.6	40.9
阪神	2023	408	6	10	ペプチドハドソン　　　　　　　　　　	32.2	8	9	1	0.38407276055449735	2	1.8	4	3	1.5	2	6.0	4.8	7.0	2	3	6.0	2	3	2	6	3	6	2.7	14.4	10.6	2	3	13.6	40.9
阪神	2023	408	6	11	クファシル　　　　　　　　　　　　　	2.5	1	11	1	0.38407276055449735	2	1.8	4	3	1.5	2	6.0	4.8	7.0	2	3	6.0	2	3	2	6	3	6	2.7	14.4	10.6	2	3	13.6	40.9
阪神	2023	409	4	1	レガーリデルソーレ　　　　　　　　　	210.0	15	14	1	0.38407276055449735	5	2.4	4	10	1.5	1	12.0	37.2	15.0	5	10	15.8	5	10	5	12	10	12	6.1	157.4	82.8	5	10	33.2	792.9
阪神	2023	409	4	2	プライムトゥーレ　　　　　　　　　　	210.1	16	8	1	0.38407276055449735	5	2.4	4	10	1.5	1	12.0	37.2	15.0	5	10	15.8	5	10	5	12	10	12	6.1	157.4	82.8	5	10	33.2	792.9
阪神	2023	409	4	3	ヴィヴィッシモ　　　　　　　　　　　	5.7	3	4	1	0.38407276055449735	5	2.4	4	10	1.5	1	12.0	37.2	15.0	5	10	15.8	5	10	5	12	10	12	6.1	157.4	82.8	5	10	33.2	792.9
阪神	2023	409	4	4	メイショウカミノコ　　　　　　　　　	45.4	9	16	1	0.38407276055449735	5	2.4	4	10	1.5	1	12.0	37.2	15.0	5	10	15.8	5	10	5	12	10	12	6.1	157.4	82.8	5	10	33.2	792.9
阪神	2023	409	4	5	アクートゥス　　　　　　　　　　　　	8.8	5	1	1	0.38407276055449735	5	2.4	4	10	1.5	1	12.0	37.2	15.0	5	10	15.8	5	10	5	12	10	12	6.1	157.4	82.8	5	10	33.2	792.9
阪神	2023	409	4	6	ウォーターヴァーゴ　　　　　　　　　	106.4	12	12	1	0.38407276055449735	5	2.4	4	10	1.5	1	12.0	37.2	15.0	5	10	15.8	5	10	5	12	10	12	6.1	157.4	82.8	5	10	33.2	792.9
阪神	2023	409	4	7	バレルロール　　　　　　　　　　　　	9.3	6	10	1	0.38407276055449735	5	2.4	4	10	1.5	1	12.0	37.2	15.0	5	10	15.8	5	10	5	12	10	12	6.1	157.4	82.8	5	10	33.2	792.9
阪神	2023	409	4	8	コンチェッタ　　　　　　　　　　　　	148.8	13	7	1	0.38407276055449735	5	2.4	4	10	1.5	1	12.0	37.2	15.0	5	10	15.8	5	10	5	12	10	12	6.1	157.4	82.8	5	10	33.2	792.9
阪神	2023	409	4	9	ルージュカプシーヌ　　　　　　　　　	19.0	8	9	1	0.38407276055449735	5	2.4	4	10	1.5	1	12.0	37.2	15.0	5	10	15.8	5	10	5	12	10	12	6.1	157.4	82.8	5	10	33.2	792.9
阪神	2023	409	4	10	アイアンムーン　　　　　　　　　　　	3.8	2	2	1	0.38407276055449735	5	2.4	4	10	1.5	1	12.0	37.2	15.0	5	10	15.8	5	10	5	12	10	12	6.1	157.4	82.8	5	10	33.2	792.9
阪神	2023	409	4	11	アストラルポケット　　　　　　　　　	283.0	17	13	1	0.38407276055449735	5	2.4	4	10	1.5	1	12.0	37.2	15.0	5	10	15.8	5	10	5	12	10	12	6.1	157.4	82.8	5	10	33.2	792.9
阪神	2023	409	4	12	パサージュ　　　　　　　　　　　　　	192.6	14	3	1	0.38407276055449735	5	2.4	4	10	1.5	1	12.0	37.2	15.0	5	10	15.8	5	10	5	12	10	12	6.1	157.4	82.8	5	10	33.2	792.9
阪神	2023	409	4	13	ロードアウォード　　　　　　　　　　	7.8	4	11	1	0.38407276055449735	5	2.4	4	10	1.5	1	12.0	37.2	15.0	5	10	15.8	5	10	5	12	10	12	6.1	157.4	82.8	5	10	33.2	792.9
阪神	2023	409	4	14	ジェミースター　　　　　　　　　　　	366.2	18	18	1	0.38407276055449735	5	2.4	4	10	1.5	1	12.0	37.2	15.0	5	10	15.8	5	10	5	12	10	12	6.1	157.4	82.8	5	10	33.2	792.9
阪神	2023	409	4	15	エミーラ　　　　　　　　　　　　　　	95.1	10	17	1	0.38407276055449735	5	2.4	4	10	1.5	1	12.0	37.2	15.0	5	10	15.8	5	10	5	12	10	12	6.1	157.4	82.8	5	10	33.2	792.9
阪神	2023	409	4	16	シャルラハロート　　　　　　　　　　	3.7	1	6	1	0.38407276055449735	5	2.4	4	10	1.5	1	12.0	37.2	15.0	5	10	15.8	5	10	5	12	10	12	6.1	157.4	82.8	5	10	33.2	792.9
阪神	2023	409	4	17	エリカドリーム　　　　　　　　　　　	104.3	11	15	1	0.38407276055449735	5	2.4	4	10	1.5	1	12.0	37.2	15.0	5	10	15.8	5	10	5	12	10	12	6.1	157.4	82.8	5	10	33.2	792.9
阪神	2023	409	4	18	アメイジングスター　　　　　　　　　	13.5	7	5	1	0.38407276055449735	5	2.4	4	10	1.5	1	12.0	37.2	15.0	5	10	15.8	5	10	5	12	10	12	6.1	157.4	82.8	5	10	33.2	792.9
阪神	2023	409	11	1	ブトンドール　　　　　　　　　　　　	171.4	16	9	1	0.38407276055449735	3	1.1	1	9	3.1	5	14.0	3.3	6.0	3	9	12.8	3	9	3	14	9	14	5.6	5.7	25.4	3	9	15.2	47.5
阪神	2023	409	11	2	ライトクオンタム　　　　　　　　　　	8.0	2	8	1	0.38407276055449735	3	1.1	1	9	3.1	5	14.0	3.3	6.0	3	9	12.8	3	9	3	14	9	14	5.6	5.7	25.4	3	9	15.2	47.5
阪神	2023	409	11	3	リバティアイランド　　　　　　　　　	1.6	1	1	1	0.38407276055449735	3	1.1	1	9	3.1	5	14.0	3.3	6.0	3	9	12.8	3	9	3	14	9	14	5.6	5.7	25.4	3	9	15.2	47.5
阪神	2023	409	11	4	ドゥアイズ　　　　　　　　　　　　　	12.0	4	5	1	0.38407276055449735	3	1.1	1	9	3.1	5	14.0	3.3	6.0	3	9	12.8	3	9	3	14	9	14	5.6	5.7	25.4	3	9	15.2	47.5
阪神	2023	409	11	5	ハーパー　　　　　　　　　　　　　　	8.7	3	4	1	0.38407276055449735	3	1.1	1	9	3.1	5	14.0	3.3	6.0	3	9	12.8	3	9	3	14	9	14	5.6	5.7	25.4	3	9	15.2	47.5
阪神	2023	409	11	6	モズメイメイ　　　　　　　　　　　　	27.8	7	13	1	0.38407276055449735	3	1.1	1	9	3.1	5	14.0	3.3	6.0	3	9	12.8	3	9	3	14	9	14	5.6	5.7	25.4	3	9	15.2	47.5
阪神	2023	409	11	7	コンクシェル　　　　　　　　　　　　	146.5	14	15	1	0.38407276055449735	3	1.1	1	9	3.1	5	14.0	3.3	6.0	3	9	12.8	3	9	3	14	9	14	5.6	5.7	25.4	3	9	15.2	47.5
阪神	2023	409	11	8	キタウイング　　　　　　　　　　　　	57.1	12	12	1	0.38407276055449735	3	1.1	1	9	3.1	5	14.0	3.3	6.0	3	9	12.8	3	9	3	14	9	14	5.6	5.7	25.4	3	9	15.2	47.5
阪神	2023	409	11	9	コナコースト　　　　　　　　　　　　	18.4	6	2	1	0.38407276055449735	3	1.1	1	9	3.1	5	14.0	3.3	6.0	3	9	12.8	3	9	3	14	9	14	5.6	5.7	25.4	3	9	15.2	47.5
阪神	2023	409	11	10	エミュー　　　　　　　　　　　　　　	155.3	15	10	1	0.38407276055449735	3	1.1	1	9	3.1	5	14.0	3.3	6.0	3	9	12.8	3	9	3	14	9	14	5.6	5.7	25.4	3	9	15.2	47.5
阪神	2023	409	11	11	シンリョクカ　　　　　　　　　　　　	32.7	9	6	1	0.38407276055449735	3	1.1	1	9	3.1	5	14.0	3.3	6.0	3	9	12.8	3	9	3	14	9	14	5.6	5.7	25.4	3	9	15.2	47.5
阪神	2023	409	11	12	シングザットソング　　　　　　　　　	46.8	11	7	1	0.38407276055449735	3	1.1	1	9	3.1	5	14.0	3.3	6.0	3	9	12.8	3	9	3	14	9	14	5.6	5.7	25.4	3	9	15.2	47.5
阪神	2023	409	11	13	ドゥーラ　　　　　　　　　　　　　　	30.6	8	14	1	0.38407276055449735	3	1.1	1	9	3.1	5	14.0	3.3	6.0	3	9	12.8	3	9	3	14	9	14	5.6	5.7	25.4	3	9	15.2	47.5
阪神	2023	409	11	14	ペリファーニア　　　　　　　　　　　	17.6	5	3	1	0.38407276055449735	3	1.1	1	9	3.1	5	14.0	3.3	6.0	3	9	12.8	3	9	3	14	9	14	5.6	5.7	25.4	3	9	15.2	47.5
阪神	2023	409	11	15	ジューンオレンジ　　　　　　　　　　	258.6	18	16	1	0.38407276055449735	3	1.1	1	9	3.1	5	14.0	3.3	6.0	3	9	12.8	3	9	3	14	9	14	5.6	5.7	25.4	3	9	15.2	47.5
阪神	2023	409	11	16	ムーンプローブ　　　　　　　　　　　	250.6	17	17	1	0.38407276055449735	3	1.1	1	9	3.1	5	14.0	3.3	6.0	3	9	12.8	3	9	3	14	9	14	5.6	5.7	25.4	3	9	15.2	47.5
阪神	2023	409	11	17	ラヴェル　　　　　　　　　　　　　　	40.2	10	11	1	0.38407276055449735	3	1.1	1	9	3.1	5	14.0	3.3	6.0	3	9	12.8	3	9	3	14	9	14	5.6	5.7	25.4	3	9	15.2	47.5
阪神	2023	409	11	18	トーセンローリエ　　　　　　　　　　	100.5	13	18	1	0.38407276055449735	3	1.1	1	9	3.1	5	14.0	3.3	6.0	3	9	12.8	3	9	3	14	9	14	5.6	5.7	25.4	3	9	15.2	47.5
阪神	2023	415	11	1	ショーモン　　　　　　　　　　　　　	5.1	2	3	1	0.38407276055449735	6	2.8	5	4	2.4	3	1.0	1.8	1.0	4	6	43.2	4	6	1	6	1	4	16.4	10.6	7.1	6	4	86.7	66.6
阪神	2023	415	11	2	ユリーシャ　　　　　　　　　　　　　	4.8	1	11	1	0.38407276055449735	6	2.8	5	4	2.4	3	1.0	1.8	1.0	4	6	43.2	4	6	1	6	1	4	16.4	10.6	7.1	6	4	86.7	66.6
阪神	2023	415	11	3	シルヴァーデューク　　　　　　　　　	35.2	12	4	1	0.38407276055449735	6	2.8	5	4	2.4	3	1.0	1.8	1.0	4	6	43.2	4	6	1	6	1	4	16.4	10.6	7.1	6	4	86.7	66.6
阪神	2023	415	11	4	セッション　　　　　　　　　　　　　	7.0	4	2	1	0.38407276055449735	6	2.8	5	4	2.4	3	1.0	1.8	1.0	4	6	43.2	4	6	1	6	1	4	16.4	10.6	7.1	6	4	86.7	66.6
阪神	2023	415	11	5	ナヴォーナ　　　　　　　　　　　　　	6.5	3	7	1	0.38407276055449735	6	2.8	5	4	2.4	3	1.0	1.8	1.0	4	6	43.2	4	6	1	6	1	4	16.4	10.6	7.1	6	4	86.7	66.6
阪神	2023	415	11	6	オオバンブルマイ　　　　　　　　　　	7.0	5	1	1	0.38407276055449735	6	2.8	5	4	2.4	3	1.0	1.8	1.0	4	6	43.2	4	6	1	6	1	4	16.4	10.6	7.1	6	4	86.7	66.6
阪神	2023	415	11	7	トーホウガレオン　　　　　　　　　　	23.3	10	4	1	0.38407276055449735	6	2.8	5	4	2.4	3	1.0	1.8	1.0	4	6	43.2	4	6	1	6	1	4	16.4	10.6	7.1	6	4	86.7	66.6
阪神	2023	415	11	8	タリエシン　　　　　　　　　　　　　	107.0	17	13	1	0.38407276055449735	6	2.8	5	4	2.4	3	1.0	1.8	1.0	4	6	43.2	4	6	1	6	1	4	16.4	10.6	7.1	6	4	86.7	66.6
阪神	2023	415	11	9	キョウエイブリッサ　　　　　　　　　	25.0	11	8	1	0.38407276055449735	6	2.8	5	4	2.4	3	1.0	1.8	1.0	4	6	43.2	4	6	1	6	1	4	16.4	10.6	7.1	6	4	86.7	66.6
阪神	2023	415	11	10	スカイロケット　　　　　　　　　　　	21.2	8	9	1	0.38407276055449735	6	2.8	5	4	2.4	3	1.0	1.8	1.0	4	6	43.2	4	6	1	6	1	4	16.4	10.6	7.1	6	4	86.7	66.6
阪神	2023	415	11	11	オーシャントライブ　　　　　　　　　	22.0	9	10	1	0.38407276055449735	6	2.8	5	4	2.4	3	1.0	1.8	1.0	4	6	43.2	4	6	1	6	1	4	16.4	10.6	7.1	6	4	86.7	66.6
阪神	2023	415	11	12	マルチャン　　　　　　　　　　　　　	45.0	14	18	1	0.38407276055449735	6	2.8	5	4	2.4	3	1.0	1.8	1.0	4	6	43.2	4	6	1	6	1	4	16.4	10.6	7.1	6	4	86.7	66.6
阪神	2023	415	11	13	ドクタードリトル　　　　　　　　　　	19.6	7	6	1	0.38407276055449735	6	2.8	5	4	2.4	3	1.0	1.8	1.0	4	6	43.2	4	6	1	6	1	4	16.4	10.6	7.1	6	4	86.7	66.6
阪神	2023	415	11	14	アイルシャイン　　　　　　　　　　　	53.9	16	14	1	0.38407276055449735	6	2.8	5	4	2.4	3	1.0	1.8	1.0	4	6	43.2	4	6	1	6	1	4	16.4	10.6	7.1	6	4	86.7	66.6
阪神	2023	415	11	15	ランスオブサウンド　　　　　　　　　	47.8	15	17	1	0.38407276055449735	6	2.8	5	4	2.4	3	1.0	1.8	1.0	4	6	43.2	4	6	1	6	1	4	16.4	10.6	7.1	6	4	86.7	66.6
阪神	2023	415	11	16	タイセイクラージュ　　　　　　　　　	204.9	18	16	1	0.38407276055449735	6	2.8	5	4	2.4	3	1.0	1.8	1.0	4	6	43.2	4	6	1	6	1	4	16.4	10.6	7.1	6	4	86.7	66.6
阪神	2023	415	11	17	ヤクシマ　　　　　　　　　　　　　　	16.4	6	12	1	0.38407276055449735	6	2.8	5	4	2.4	3	1.0	1.8	1.0	4	6	43.2	4	6	1	6	1	4	16.4	10.6	7.1	6	4	86.7	66.6
阪神	2023	415	11	18	ティニア　　　　　　　　　　　　　　	39.2	13	15	1	0.38407276055449735	6	2.8	5	4	2.4	3	1.0	1.8	1.0	4	6	43.2	4	6	1	6	1	4	16.4	10.6	7.1	6	4	86.7	66.6
阪神	2023	416	3	1	オストファーレン　　　　　　　　　　	52.2	10	12	1	0.38407276055449735	6	1.4	2	2	1.9	3	14.0	1.3	1.0	2	6	11.1	2	6	6	14	2	14	4.5	2.6	5.6	6	2	22.4	14.1
阪神	2023	416	3	2	サンライズプルート　　　　　　　　　	7.6	4	2	1	0.38407276055449735	6	1.4	2	2	1.9	3	14.0	1.3	1.0	2	6	11.1	2	6	6	14	2	14	4.5	2.6	5.6	6	2	22.4	14.1
阪神	2023	416	3	3	ヒラリ　　　　　　　　　　　　　　　	22.5	8	4	1	0.38407276055449735	6	1.4	2	2	1.9	3	14.0	1.3	1.0	2	6	11.1	2	6	6	14	2	14	4.5	2.6	5.6	6	2	22.4	14.1
阪神	2023	416	3	4	カリーナベローチェ　　　　　　　　　	17.7	7	5	1	0.38407276055449735	6	1.4	2	2	1.9	3	14.0	1.3	1.0	2	6	11.1	2	6	6	14	2	14	4.5	2.6	5.6	6	2	22.4	14.1
阪神	2023	416	3	5	コモドアーズ　　　　　　　　　　　　	8.9	6	7	1	0.38407276055449735	6	1.4	2	2	1.9	3	14.0	1.3	1.0	2	6	11.1	2	6	6	14	2	14	4.5	2.6	5.6	6	2	22.4	14.1
阪神	2023	416	3	6	エルトンバローズ　　　　　　　　　　	3.6	2	1	1	0.38407276055449735	6	1.4	2	2	1.9	3	14.0	1.3	1.0	2	6	11.1	2	6	6	14	2	14	4.5	2.6	5.6	6	2	22.4	14.1
阪神	2023	416	3	7	リッスンアップ　　　　　　　　　　　	38.2	9	8	18	0.3832601776558056	6	1.4	2	2	1.9	3	14.0	1.3	1.0	2	6	11.1	2	6	6	14	2	14	4.5	2.6	5.6	6	2	22.4	14.1
阪神	2023	416	3	8	ディオファントス　　　　　　　　　　	8.0	5	6	1	0.38407276055449735	6	1.4	2	2	1.9	3	14.0	1.3	1.0	2	6	11.1	2	6	6	14	2	14	4.5	2.6	5.6	6	2	22.4	14.1
阪神	2023	416	3	9	ジャーヴィス　　　　　　　　　　　　	134.1	12	17	1	0.38407276055449735	6	1.4	2	2	1.9	3	14.0	1.3	1.0	2	6	11.1	2	6	6	14	2	14	4.5	2.6	5.6	6	2	22.4	14.1
阪神	2023	416	3	10	オールスティール　　　　　　　　　　	265.8	15	13	1	0.38407276055449735	6	1.4	2	2	1.9	3	14.0	1.3	1.0	2	6	11.1	2	6	6	14	2	14	4.5	2.6	5.6	6	2	22.4	14.1
阪神	2023	416	3	11	セレッソプラテアド　　　　　　　　　	175.7	13	10	1	0.38407276055449735	6	1.4	2	2	1.9	3	14.0	1.3	1.0	2	6	11.1	2	6	6	14	2	14	4.5	2.6	5.6	6	2	22.4	14.1
阪神	2023	416	3	12	ショウナンタバルア　　　　　　　　　	423.5	17	18	1	0.38407276055449735	6	1.4	2	2	1.9	3	14.0	1.3	1.0	2	6	11.1	2	6	6	14	2	14	4.5	2.6	5.6	6	2	22.4	14.1
阪神	2023	416	3	13	ロゼアクアリオ　　　　　　　　　　　	412.9	16	11	1	0.38407276055449735	6	1.4	2	2	1.9	3	14.0	1.3	1.0	2	6	11.1	2	6	6	14	2	14	4.5	2.6	5.6	6	2	22.4	14.1
阪神	2023	416	3	14	ウインエーデル　　　　　　　　　　　	3.6	1	3	1	0.38407276055449735	6	1.4	2	2	1.9	3	14.0	1.3	1.0	2	6	11.1	2	6	6	14	2	14	4.5	2.6	5.6	6	2	22.4	14.1
阪神	2023	416	3	15	サンマルブライト　　　　　　　　　　	510.4	18	16	1	0.38407276055449735	6	1.4	2	2	1.9	3	14.0	1.3	1.0	2	6	11.1	2	6	6	14	2	14	4.5	2.6	5.6	6	2	22.4	14.1
阪神	2023	416	3	16	ローブドゥマリエ　　　　　　　　　　	6.8	3	9	1	0.38407276055449735	6	1.4	2	2	1.9	3	14.0	1.3	1.0	2	6	11.1	2	6	6	14	2	14	4.5	2.6	5.6	6	2	22.4	14.1
阪神	2023	416	3	17	ローゼンカヴァリエ　　　　　　　　　	74.8	11	14	1	0.38407276055449735	6	1.4	2	2	1.9	3	14.0	1.3	1.0	2	6	11.1	2	6	6	14	2	14	4.5	2.6	5.6	6	2	22.4	14.1
阪神	2023	416	3	18	スプリングラヴ　　　　　　　　　　　	197.0	14	15	1	0.38407276055449735	6	1.4	2	2	1.9	3	14.0	1.3	1.0	2	6	11.1	2	6	6	14	2	14	4.5	2.6	5.6	6	2	22.4	14.1
阪神	2023	604	2	1	サツキスマイル　　　　　　　　　　　	10.6	5	11	1	0.38407276055449735	10	1.8	2	11	1.6	1	14.0	10.3	11.0	10	11	8.0	10	11	10	14	11	14	3.8	26.1	25.0	10	11	16.3	106.0
阪神	2023	604	2	2	ライツフォル　　　　　　　　　　　　	5.7	3	9	1	0.38407276055449735	10	1.8	2	11	1.6	1	14.0	10.3	11.0	10	11	8.0	10	11	10	14	11	14	3.8	26.1	25.0	10	11	16.3	106.0
阪神	2023	604	2	3	ニホンピロベイリー　　　　　　　　　	379.4	18	16	1	0.38407276055449735	10	1.8	2	11	1.6	1	14.0	10.3	11.0	10	11	8.0	10	11	10	14	11	14	3.8	26.1	25.0	10	11	16.3	106.0
阪神	2023	604	2	4	ギルデッドフレーム　　　　　　　　　	73.0	14	7	1	0.38407276055449735	10	1.8	2	11	1.6	1	14.0	10.3	11.0	10	11	8.0	10	11	10	14	11	14	3.8	26.1	25.0	10	11	16.3	106.0
阪神	2023	604	2	5	タガノトラリア　　　　　　　　　　　	7.0	4	13	1	0.38407276055449735	10	1.8	2	11	1.6	1	14.0	10.3	11.0	10	11	8.0	10	11	10	14	11	14	3.8	26.1	25.0	10	11	16.3	106.0
阪神	2023	604	2	6	ポルコスピーノ　　　　　　　　　　　	25.6	9	14	1	0.38407276055449735	10	1.8	2	11	1.6	1	14.0	10.3	11.0	10	11	8.0	10	11	10	14	11	14	3.8	26.1	25.0	10	11	16.3	106.0
阪神	2023	604	2	7	アーリーショベル　　　　　　　　　　	65.3	13	8	1	0.38407276055449735	10	1.8	2	11	1.6	1	14.0	10.3	11.0	10	11	8.0	10	11	10	14	11	14	3.8	26.1	25.0	10	11	16.3	106.0
阪神	2023	604	2	8	モンテルナ　　　　　　　　　　　　　	45.6	11	18	1	0.38407276055449735	10	1.8	2	11	1.6	1	14.0	10.3	11.0	10	11	8.0	10	11	10	14	11	14	3.8	26.1	25.0	10	11	16.3	106.0
阪神	2023	604	2	9	テーオーマルサス　　　　　　　　　　	102.0	16	15	1	0.38407276055449735	10	1.8	2	11	1.6	1	14.0	10.3	11.0	10	11	8.0	10	11	10	14	11	14	3.8	26.1	25.0	10	11	16.3	106.0
阪神	2023	604	2	10	ロードマンハイム　　　　　　　　　　	4.8	2	1	1	0.38407276055449735	10	1.8	2	11	1.6	1	14.0	10.3	11.0	10	11	8.0	10	11	10	14	11	14	3.8	26.1	25.0	10	11	16.3	106.0
阪神	2023	604	2	11	ファルシオン　　　　　　　　　　　　	3.9	1	2	1	0.38407276055449735	10	1.8	2	11	1.6	1	14.0	10.3	11.0	10	11	8.0	10	11	10	14	11	14	3.8	26.1	25.0	10	11	16.3	106.0
阪神	2023	604	2	12	ムーンダイヤモンド　　　　　　　　　	12.0	7	6	1	0.38407276055449735	10	1.8	2	11	1.6	1	14.0	10.3	11.0	10	11	8.0	10	11	10	14	11	14	3.8	26.1	25.0	10	11	16.3	106.0
阪神	2023	604	2	13	ニホンピロアレイ　　　　　　　　　　	166.3	17	17	1	0.38407276055449735	10	1.8	2	11	1.6	1	14.0	10.3	11.0	10	11	8.0	10	11	10	14	11	14	3.8	26.1	25.0	10	11	16.3	106.0
阪神	2023	604	2	14	デュメイカズマ　　　　　　　　　　　	40.4	10	3	1	0.38407276055449735	10	1.8	2	11	1.6	1	14.0	10.3	11.0	10	11	8.0	10	11	10	14	11	14	3.8	26.1	25.0	10	11	16.3	106.0
阪神	2023	604	2	15	ロジウムエポック　　　　　　　　　　	11.5	6	4	1	0.38407276055449735	10	1.8	2	11	1.6	1	14.0	10.3	11.0	10	11	8.0	10	11	10	14	11	14	3.8	26.1	25.0	10	11	16.3	106.0
阪神	2023	604	2	16	シュハリ　　　　　　　　　　　　　　	21.6	8	5	1	0.38407276055449735	10	1.8	2	11	1.6	1	14.0	10.3	11.0	10	11	8.0	10	11	10	14	11	14	3.8	26.1	25.0	10	11	16.3	106.0
阪神	2023	604	2	17	サトノドゥーチェ　　　　　　　　　　	96.2	15	10	1	0.38407276055449735	10	1.8	2	11	1.6	1	14.0	10.3	11.0	10	11	8.0	10	11	10	14	11	14	3.8	26.1	25.0	10	11	16.3	106.0
阪神	2023	604	2	18	オーバーザドリーム　　　　　　　　　	50.8	12	12	1	0.38407276055449735	10	1.8	2	11	1.6	1	14.0	10.3	11.0	10	11	8.0	10	11	10	14	11	14	3.8	26.1	25.0	10	11	16.3	106.0
阪神	2023	610	3	1	フライングブレード　　　　　　　　　	6.0	3	2	1	0.38407276055449735	4	4.7	7	1	2.3	4	10.0	2.3	5.0	1	4	46.8	1	4	4	10	1	10	14.4	22.0	10.2	4	1	121.1	137.4
阪神	2023	610	3	2	メルキュリオ　　　　　　　　　　　　	100.9	10	9	1	0.38407276055449735	4	4.7	7	1	2.3	4	10.0	2.3	5.0	1	4	46.8	1	4	4	10	1	10	14.4	22.0	10.2	4	1	121.1	137.4
阪神	2023	610	3	3	モノセーラス　　　　　　　　　　　　	6.6	5	6	1	0.38407276055449735	4	4.7	7	1	2.3	4	10.0	2.3	5.0	1	4	46.8	1	4	4	10	1	10	14.4	22.0	10.2	4	1	121.1	137.4
阪神	2023	610	3	4	ニシノコウダイ　　　　　　　　　　　	19.4	7	1	1	0.38407276055449735	4	4.7	7	1	2.3	4	10.0	2.3	5.0	1	4	46.8	1	4	4	10	1	10	14.4	22.0	10.2	4	1	121.1	137.4
阪神	2023	610	3	5	アスターフラッペ　　　　　　　　　　	25.3	8	5	1	0.38407276055449735	4	4.7	7	1	2.3	4	10.0	2.3	5.0	1	4	46.8	1	4	4	10	1	10	14.4	22.0	10.2	4	1	121.1	137.4
阪神	2023	610	3	6	インクルードダイヤ　　　　　　　　　	13.5	6	4	1	0.38407276055449735	4	4.7	7	1	2.3	4	10.0	2.3	5.0	1	4	46.8	1	4	4	10	1	10	14.4	22.0	10.2	4	1	121.1	137.4
阪神	2023	610	3	7	ナリタシン　　　　　　　　　　　　　	2.8	1	8	1	0.38407276055449735	4	4.7	7	1	2.3	4	10.0	2.3	5.0	1	4	46.8	1	4	4	10	1	10	14.4	22.0	10.2	4	1	121.1	137.4
阪神	2023	610	3	8	クリノサクセス　　　　　　　　　　　	205.4	13	14	1	0.38407276055449735	4	4.7	7	1	2.3	4	10.0	2.3	5.0	1	4	46.8	1	4	4	10	1	10	14.4	22.0	10.2	4	1	121.1	137.4
阪神	2023	610	3	9	ファリガ　　　　　　　　　　　　　　	66.5	9	10	1	0.38407276055449735	4	4.7	7	1	2.3	4	10.0	2.3	5.0	1	4	46.8	1	4	4	10	1	10	14.4	22.0	10.2	4	1	121.1	137.4
阪神	2023	610	3	10	ゴレアドール　　　　　　　　　　　　	6.3	4	3	1	0.38407276055449735	4	4.7	7	1	2.3	4	10.0	2.3	5.0	1	4	46.8	1	4	4	10	1	10	14.4	22.0	10.2	4	1	121.1	137.4
阪神	2023	610	3	11	ケサランパサラン　　　　　　　　　　	105.7	11	11	1	0.38407276055449735	4	4.7	7	1	2.3	4	10.0	2.3	5.0	1	4	46.8	1	4	4	10	1	10	14.4	22.0	10.2	4	1	121.1	137.4
阪神	2023	610	3	12	アルマパラディン　　　　　　　　　　	193.7	12	15	1	0.38407276055449735	4	4.7	7	1	2.3	4	10.0	2.3	5.0	1	4	46.8	1	4	4	10	1	10	14.4	22.0	10.2	4	1	121.1	137.4
阪神	2023	610	3	13	シュガープラム　　　　　　　　　　　	373.8	15	12	1	0.38407276055449735	4	4.7	7	1	2.3	4	10.0	2.3	5.0	1	4	46.8	1	4	4	10	1	10	14.4	22.0	10.2	4	1	121.1	137.4
阪神	2023	610	3	15	ノリノリ　　　　　　　　　　　　　　	214.4	14	13	1	0.38407276055449735	4	4.7	7	1	2.3	4	10.0	2.3	5.0	1	4	46.8	1	4	4	10	1	10	14.4	22.0	10.2	4	1	121.1	137.4
阪神	2023	610	3	16	リッスンアップ　　　　　　　　　　　	4.8	2	7	1	0.38407276055449735	4	4.7	7	1	2.3	4	10.0	2.3	5.0	1	4	46.8	1	4	4	10	1	10	14.4	22.0	10.2	4	1	121.1	137.4
阪神	2023	611	6	1	ケークウォーク　　　　　　　　　　　	70.0	9	9	1	0.38407276055449735	3	3.3	5	11	19.8	10	4.0	26.1	13.0	3	11	292.8	3	11	3	4	4	11	70.3	84.9	357.9	3	11	578.8	3870.2
阪神	2023	611	6	2	リーチエミネンス　　　　　　　　　　	217.4	14	8	1	0.38407276055449735	3	3.3	5	11	19.8	10	4.0	26.1	13.0	3	11	292.8	3	11	3	4	4	11	70.3	84.9	357.9	3	11	578.8	3870.2
阪神	2023	611	6	3	ハレアカラフラ　　　　　　　　　　　	11.7	5	1	1	0.38407276055449735	3	3.3	5	11	19.8	10	4.0	26.1	13.0	3	11	292.8	3	11	3	4	4	11	70.3	84.9	357.9	3	11	578.8	3870.2
阪神	2023	611	6	4	ダンツクリスタル　　　　　　　　　　	136.4	13	3	1	0.38407276055449735	3	3.3	5	11	19.8	10	4.0	26.1	13.0	3	11	292.8	3	11	3	4	4	11	70.3	84.9	357.9	3	11	578.8	3870.2
阪神	2023	611	6	5	ヘウレシス　　　　　　　　　　　　　	360.9	16	12	1	0.38407276055449735	3	3.3	5	11	19.8	10	4.0	26.1	13.0	3	11	292.8	3	11	3	4	4	11	70.3	84.9	357.9	3	11	578.8	3870.2
阪神	2023	611	6	6	ヴォーノハート　　　　　　　　　　　	123.2	12	14	1	0.38407276055449735	3	3.3	5	11	19.8	10	4.0	26.1	13.0	3	11	292.8	3	11	3	4	4	11	70.3	84.9	357.9	3	11	578.8	3870.2
阪神	2023	611	6	7	ブロンディール　　　　　　　　　　　	290.5	15	17	1	0.38407276055449735	3	3.3	5	11	19.8	10	4.0	26.1	13.0	3	11	292.8	3	11	3	4	4	11	70.3	84.9	357.9	3	11	578.8	3870.2
阪神	2023	611	6	8	ホウオウロザリー　　　　　　　　　　	19.7	7	5	1	0.38407276055449735	3	3.3	5	11	19.8	10	4.0	26.1	13.0	3	11	292.8	3	11	3	4	4	11	70.3	84.9	357.9	3	11	578.8	3870.2
阪神	2023	611	6	9	ルカン　　　　　　　　　　　　　　　	3.7	2	18	1	0.38407276055449735	3	3.3	5	11	19.8	10	4.0	26.1	13.0	3	11	292.8	3	11	3	4	4	11	70.3	84.9	357.9	3	11	578.8	3870.2
阪神	2023	611	6	10	マリブコーク　　　　　　　　　　　　	28.5	8	11	1	0.38407276055449735	3	3.3	5	11	19.8	10	4.0	26.1	13.0	3	11	292.8	3	11	3	4	4	11	70.3	84.9	357.9	3	11	578.8	3870.2
阪神	2023	611	6	11	プロヴァーブ　　　　　　　　　　　　	104.7	11	2	1	0.38407276055449735	3	3.3	5	11	19.8	10	4.0	26.1	13.0	3	11	292.8	3	11	3	4	4	11	70.3	84.9	357.9	3	11	578.8	3870.2
阪神	2023	611	6	12	レガーリデルソーレ　　　　　　　　　	575.6	18	16	1	0.38407276055449735	3	3.3	5	11	19.8	10	4.0	26.1	13.0	3	11	292.8	3	11	3	4	4	11	70.3	84.9	357.9	3	11	578.8	3870.2
阪神	2023	611	6	13	セピアス　　　　　　　　　　　　　　	3.4	1	10	1	0.38407276055449735	3	3.3	5	11	19.8	10	4.0	26.1	13.0	3	11	292.8	3	11	3	4	4	11	70.3	84.9	357.9	3	11	578.8	3870.2
阪神	2023	611	6	14	エコロミューズ　　　　　　　　　　　	569.7	17	15	1	0.38407276055449735	3	3.3	5	11	19.8	10	4.0	26.1	13.0	3	11	292.8	3	11	3	4	4	11	70.3	84.9	357.9	3	11	578.8	3870.2
阪神	2023	611	6	15	アイサマン　　　　　　　　　　　　　	13.5	6	6	1	0.38407276055449735	3	3.3	5	11	19.8	10	4.0	26.1	13.0	3	11	292.8	3	11	3	4	4	11	70.3	84.9	357.9	3	11	578.8	3870.2
阪神	2023	611	6	16	テンクウハット　　　　　　　　　　　	5.7	4	7	1	0.38407276055449735	3	3.3	5	11	19.8	10	4.0	26.1	13.0	3	11	292.8	3	11	3	4	4	11	70.3	84.9	357.9	3	11	578.8	3870.2
阪神	2023	611	6	17	デアデルマーレ　　　　　　　　　　　	4.7	3	4	1	0.38407276055449735	3	3.3	5	11	19.8	10	4.0	26.1	13.0	3	11	292.8	3	11	3	4	4	11	70.3	84.9	357.9	3	11	578.8	3870.2
阪神	2023	611	6	18	スマートマリナ　　　　　　　　　　　	98.4	10	13	1	0.38407276055449735	3	3.3	5	11	19.8	10	4.0	26.1	13.0	3	11	292.8	3	11	3	4	4	11	70.3	84.9	357.9	3	11	578.8	3870.2
阪神	2023	618	2	1	ファベルジェエッグ　　　　　　　　　	92.3	13	5	1	0.38407276055449735	8	7.6	10	6	1.6	1	3.0	4.8	7.0	6	8	37.2	6	8	3	8	3	6	17.9	63.0	12.8	8	6	93.5	229.4
阪神	2023	618	2	2	フクノカトレア　　　　　　　　　　　	9.6	4	11	1	0.38407276055449735	8	7.6	10	6	1.6	1	3.0	4.8	7.0	6	8	37.2	6	8	3	8	3	6	17.9	63.0	12.8	8	6	93.5	229.4
阪神	2023	618	2	3	エスタビエン　　　　　　　　　　　　	21.2	8	3	1	0.38407276055449735	8	7.6	10	6	1.6	1	3.0	4.8	7.0	6	8	37.2	6	8	3	8	3	6	17.9	63.0	12.8	8	6	93.5	229.4
阪神	2023	618	2	4	シントーチャチャ　　　　　　　　　　	48.3	12	7	1	0.38407276055449735	8	7.6	10	6	1.6	1	3.0	4.8	7.0	6	8	37.2	6	8	3	8	3	6	17.9	63.0	12.8	8	6	93.5	229.4
阪神	2023	618	2	5	ヴァルダリス　　　　　　　　　　　　	14.5	6	17	1	0.38407276055449735	8	7.6	10	6	1.6	1	3.0	4.8	7.0	6	8	37.2	6	8	3	8	3	6	17.9	63.0	12.8	8	6	93.5	229.4
阪神	2023	618	2	6	プロスペリダード　　　　　　　　　　	2.8	1	2	1	0.38407276055449735	8	7.6	10	6	1.6	1	3.0	4.8	7.0	6	8	37.2	6	8	3	8	3	6	17.9	63.0	12.8	8	6	93.5	229.4
阪神	2023	618	2	7	ガルミッシュ　　　　　　　　　　　　	388.1	18	15	1	0.38407276055449735	8	7.6	10	6	1.6	1	3.0	4.8	7.0	6	8	37.2	6	8	3	8	3	6	17.9	63.0	12.8	8	6	93.5	229.4
阪神	2023	618	2	8	グランデサラス　　　　　　　　　　　	23.8	9	1	1	0.38407276055449735	8	7.6	10	6	1.6	1	3.0	4.8	7.0	6	8	37.2	6	8	3	8	3	6	17.9	63.0	12.8	8	6	93.5	229.4
阪神	2023	618	2	9	スリーブリランテ　　　　　　　　　　	13.5	5	6	1	0.38407276055449735	8	7.6	10	6	1.6	1	3.0	4.8	7.0	6	8	37.2	6	8	3	8	3	6	17.9	63.0	12.8	8	6	93.5	229.4
阪神	2023	618	2	10	オーブアンドセプタ　　　　　　　　　	179.5	15	18	1	0.38407276055449735	8	7.6	10	6	1.6	1	3.0	4.8	7.0	6	8	37.2	6	8	3	8	3	6	17.9	63.0	12.8	8	6	93.5	229.4
阪神	2023	618	2	11	ワカタツフェイス　　　　　　　　　　	4.1	2	12	1	0.38407276055449735	8	7.6	10	6	1.6	1	3.0	4.8	7.0	6	8	37.2	6	8	3	8	3	6	17.9	63.0	12.8	8	6	93.5	229.4
阪神	2023	618	2	12	ロジウムエポック　　　　　　　　　　	15.5	7	8	1	0.38407276055449735	8	7.6	10	6	1.6	1	3.0	4.8	7.0	6	8	37.2	6	8	3	8	3	6	17.9	63.0	12.8	8	6	93.5	229.4
阪神	2023	618	2	13	ユアデスティニー　　　　　　　　　　	24.6	10	16	1	0.38407276055449735	8	7.6	10	6	1.6	1	3.0	4.8	7.0	6	8	37.2	6	8	3	8	3	6	17.9	63.0	12.8	8	6	93.5	229.4
阪神	2023	618	2	14	シゲルノヴァ　　　　　　　　　　　　	226.3	16	10	1	0.38407276055449735	8	7.6	10	6	1.6	1	3.0	4.8	7.0	6	8	37.2	6	8	3	8	3	6	17.9	63.0	12.8	8	6	93.5	229.4
阪神	2023	618	2	15	オータムクイーン　　　　　　　　　　	7.2	3	14	1	0.38407276055449735	8	7.6	10	6	1.6	1	3.0	4.8	7.0	6	8	37.2	6	8	3	8	3	6	17.9	63.0	12.8	8	6	93.5	229.4
阪神	2023	618	2	16	オンリーラヴ　　　　　　　　　　　　	346.2	17	9	1	0.38407276055449735	8	7.6	10	6	1.6	1	3.0	4.8	7.0	6	8	37.2	6	8	3	8	3	6	17.9	63.0	12.8	8	6	93.5	229.4
阪神	2023	618	2	17	フェリキタス　　　　　　　　　　　　	151.2	14	4	1	0.38407276055449735	8	7.6	10	6	1.6	1	3.0	4.8	7.0	6	8	37.2	6	8	3	8	3	6	17.9	63.0	12.8	8	6	93.5	229.4
阪神	2023	618	2	18	メリタテス　　　　　　　　　　　　　	35.8	11	13	1	0.38407276055449735	8	7.6	10	6	1.6	1	3.0	4.8	7.0	6	8	37.2	6	8	3	8	3	6	17.9	63.0	12.8	8	6	93.5	229.4
阪神	2023	625	2	1	サウンドアルジュナ　　　　　　　　　	336.4	17	15	1	0.38407276055449735	3	3.5	5	16	5.3	7	5.0	4.4	6.0	3	16	91.8	3	16	3	5	5	16	33.4	25.0	42.3	3	16	177.9	465.6
阪神	2023	625	2	2	アクトゥールキネマ　　　　　　　　　	211.9	12	6	1	0.38407276055449735	3	3.5	5	16	5.3	7	5.0	4.4	6.0	3	16	91.8	3	16	3	5	5	16	33.4	25.0	42.3	3	16	177.9	465.6
阪神	2023	625	2	3	アルタビスタ　　　　　　　　　　　　	9.2	5	1	1	0.38407276055449735	3	3.5	5	16	5.3	7	5.0	4.4	6.0	3	16	91.8	3	16	3	5	5	16	33.4	25.0	42.3	3	16	177.9	465.6
阪神	2023	625	2	4	バズダイヤ　　　　　　　　　　　　　	224.6	14	7	1	0.38407276055449735	3	3.5	5	16	5.3	7	5.0	4.4	6.0	3	16	91.8	3	16	3	5	5	16	33.4	25.0	42.3	3	16	177.9	465.6
阪神	2023	625	2	5	デュメイカズマ　　　　　　　　　　　	18.2	6	3	1	0.38407276055449735	3	3.5	5	16	5.3	7	5.0	4.4	6.0	3	16	91.8	3	16	3	5	5	16	33.4	25.0	42.3	3	16	177.9	465.6
阪神	2023	625	2	6	ジャスティンボルト　　　　　　　　　	4.9	3	5	1	0.38407276055449735	3	3.5	5	16	5.3	7	5.0	4.4	6.0	3	16	91.8	3	16	3	5	5	16	33.4	25.0	42.3	3	16	177.9	465.6
阪神	2023	625	2	7	メイショウタクボク　　　　　　　　　	28.1	8	4	1	0.38407276055449735	3	3.5	5	16	5.3	7	5.0	4.4	6.0	3	16	91.8	3	16	3	5	5	16	33.4	25.0	42.3	3	16	177.9	465.6
阪神	2023	625	2	8	バスキュラント　　　　　　　　　　　	278.3	16	10	1	0.38407276055449735	3	3.5	5	16	5.3	7	5.0	4.4	6.0	3	16	91.8	3	16	3	5	5	16	33.4	25.0	42.3	3	16	177.9	465.6
阪神	2023	625	2	9	ハワイアンタイム　　　　　　　　　　	31.6	9	17	1	0.38407276055449735	3	3.5	5	16	5.3	7	5.0	4.4	6.0	3	16	91.8	3	16	3	5	5	16	33.4	25.0	42.3	3	16	177.9	465.6
阪神	2023	625	2	10	ユレマー　　　　　　　　　　　　　　	219.0	13	12	1	0.38407276055449735	3	3.5	5	16	5.3	7	5.0	4.4	6.0	3	16	91.8	3	16	3	5	5	16	33.4	25.0	42.3	3	16	177.9	465.6
阪神	2023	625	2	11	コパノサントス　　　　　　　　　　　	6.0	4	11	1	0.38407276055449735	3	3.5	5	16	5.3	7	5.0	4.4	6.0	3	16	91.8	3	16	3	5	5	16	33.4	25.0	42.3	3	16	177.9	465.6
阪神	2023	625	2	12	テーオーレーズン　　　　　　　　　　	272.7	15	8	1	0.38407276055449735	3	3.5	5	16	5.3	7	5.0	4.4	6.0	3	16	91.8	3	16	3	5	5	16	33.4	25.0	42.3	3	16	177.9	465.6
阪神	2023	625	2	13	シュハリ　　　　　　　　　　　　　　	106.5	11	13	1	0.38407276055449735	3	3.5	5	16	5.3	7	5.0	4.4	6.0	3	16	91.8	3	16	3	5	5	16	33.4	25.0	42.3	3	16	177.9	465.6
阪神	2023	625	2	14	ダルジェント　　　　　　　　　　　　	3.0	1	14	1	0.38407276055449735	3	3.5	5	16	5.3	7	5.0	4.4	6.0	3	16	91.8	3	16	3	5	5	16	33.4	25.0	42.3	3	16	177.9	465.6
阪神	2023	625	2	15	デイトナモード　　　　　　　　　　　	4.3	2	9	1	0.38407276055449735	3	3.5	5	16	5.3	7	5.0	4.4	6.0	3	16	91.8	3	16	3	5	5	16	33.4	25.0	42.3	3	16	177.9	465.6
阪神	2023	625	2	16	ハクサンバード　　　　　　　　　　　	20.8	7	2	1	0.38407276055449735	3	3.5	5	16	5.3	7	5.0	4.4	6.0	3	16	91.8	3	16	3	5	5	16	33.4	25.0	42.3	3	16	177.9	465.6
阪神	2023	625	2	17	テイクジオース　　　　　　　　　　　	90.2	10	18	1	0.38407276055449735	3	3.5	5	16	5.3	7	5.0	4.4	6.0	3	16	91.8	3	16	3	5	5	16	33.4	25.0	42.3	3	16	177.9	465.6
阪神	2023	625	2	18	テイエムエポック　　　　　　　　　　	340.8	18	16	1	0.38407276055449735	3	3.5	5	16	5.3	7	5.0	4.4	6.0	3	16	91.8	3	16	3	5	5	16	33.4	25.0	42.3	3	16	177.9	465.6
